Index,"QUARTIERS  BOULEVARDS, RUES, RUELLES, ETC.",HABITATIONS ET LOGEMENTS,POPULATION MASC.,POPULATION FEM.,POPULATION TOTAL,Person per Residence,Male:Female,Quartier,Shiyakha,,,,
1,Haret el Borg,35,237,222,459,13.1,1.067568,GOUMROUK - Kism 1 T. 1,El Sayala el Kobra,,,,
2,Haret Eskaro,24,128,119,247,10.3,1.07563,GOUMROUK - Kism 1 T. 1,El Sayala el Kobra,,,,
3,Haret el Karantina,14,49,59,108,7.7,0.830508,GOUMROUK - Kism 1 T. 1,El Sayala el Kobra,,,,
4,Haret el Gheiti,7,51,52,103,14.7,0.980769,GOUMROUK - Kism 1 T. 1,El Sayala el Kobra,,,,
5,Haret el Sayala el Charkieh,17,123,110,233,13.7,1.118182,GOUMROUK - Kism 1 T. 1,El Sayala el Kobra,,,,
6,Haret el Sayala el Kobra,112,916,838,1754,15.7,1.093079,GOUMROUK - Kism 1 T. 1,El Sayala el Kobra,,,,
7,Charé'h el Abassiri,87,739,634,1373,15.8,1.165615,GOUMROUK - Kism 1 T. 1,El Sayala el Kobra,296,2243,2034,4277
8,Charé'h el Adly,10,54,62,116,11.6,0.870968,GOUMROUK - Kism 1 T. 1,El Haggari,,,,
9,Haret el Battikhi,35,182,182,364,10.4,1,GOUMROUK - Kism 1 T. 1,El Haggari,,,,
10,Charé'h Abou Gharbieh,17,122,121,243,14.3,1.008264,GOUMROUK - Kism 1 T. 1,El Haggari,,,,
11,Haret el Nadimi,14,64,60,124,8.9,1.066667,GOUMROUK - Kism 1 T. 1,El Haggari,,,,
12,Charé'h Zawiet Khattab,20,131,156,287,14.4,0.839744,GOUMROUK - Kism 1 T. 1,El Haggari,,,,
13,Haret Sidi Daoud,8,39,47,86,10.8,0.829787,GOUMROUK - Kism 1 T. 1,El Haggari,,,,
14,Haret el Wardani,32,202,223,425,13.3,0.90583,GOUMROUK - Kism 1 T. 1,El Haggari,,,,
15,Charé'h el Haggari,26,186,179,365,14,1.039106,GOUMROUK - Kism 1 T. 1,El Haggari,,,,
16,Charé'h Sa'dallah,26,181,223,404,15.5,0.811659,GOUMROUK - Kism 1 T. 1,El Haggari,,,,
17,Charé'h Abou Sen,45,385,356,741,16.5,1.081461,GOUMROUK - Kism 1 T. 1,El Haggari,233,1546,1609,3155
18,Charé'h el Owad,47,286,248,534,11.4,1.153226,GOUMROUK - Kism 1 T. 1,Ras el Tine,,,,
19,Haret Ewedah,9,42,37,79,8.8,1.135135,GOUMROUK - Kism 1 T. 1,Ras el Tine,,,,
20,Haret el Damanhouri,13,69,70,139,10.7,0.985714,GOUMROUK - Kism 1 T. 1,Ras el Tine,,,,
21,Haret el Gamil,25,61,61,122,4.9,1,GOUMROUK - Kism 1 T. 1,Ras el Tine,,,,
22,Haret Gadallah,20,44,51,95,4.8,0.862745,GOUMROUK - Kism 1 T. 1,Ras el Tine,,,,
23,Haret Ghorayeb,26,57,73,130,5,0.780822,GOUMROUK - Kism 1 T. 1,Ras el Tine,,,,
24,Haret Afifi,34,92,91,183,5.4,1.010989,GOUMROUK - Kism 1 T. 1,Ras el Tine,,,,
25,Haret el Badrawi,31,81,90,171,5.5,0.9,GOUMROUK - Kism 1 T. 1,Ras el Tine,,,,
26,Haret Awadallah,37,110,90,200,5.4,1.222222,GOUMROUK - Kism 1 T. 1,Ras el Tine,,,,
27,Haret el Makhzaa,28,93,98,191,6.8,0.94898,GOUMROUK - Kism 1 T. 1,Ras el Tine,,,,
28,Haret el Tawabeh,24,88,96,184,7.7,0.916667,GOUMROUK - Kism 1 T. 1,Ras el Tine,,,,
29,Haret el Darb,33,73,84,157,4.8,0.869048,GOUMROUK - Kism 1 T. 1,Ras el Tine,,,,
30,Haret el Cha'er,30,67,71,138,4.6,0.943662,GOUMROUK - Kism 1 T. 1,Ras el Tine,,,,
31,Haret el Batrawi,14,46,62,108,7.7,0.741935,GOUMROUK - Kism 1 T. 1,Ras el Tine,,,,
32,Haret el Chahwan,22,78,78,156,7.1,1,GOUMROUK - Kism 1 T. 1,Ras el Tine,,,,
33,Charé'h el Bahr,42,243,269,512,12.2,0.903346,GOUMROUK - Kism 1 T. 1,Ras el Tine,,,,
34,Charé'h el Gabal,32,212,198,410,12.8,1.070707,GOUMROUK - Kism 1 T. 1,Ras el Tine,,,,
35,Charé'h Ras el Tine w. Kichlak,7,662,108,770,110,6.12963,GOUMROUK - Kism 1 T. 1,Ras el Tine,,,,
36,Haret el Kabaline,54,488,456,944,17.5,1.070175,GOUMROUK - Kism 1 T. 1,Ras el Tine,528,2892,2331,5223
37,Charé'h Sidi Youssef el Go’rani,29,115,113,228,7.9,1.017699,GOUMROUK - Kism 1 T. 1,Zawiet el Kabbanieh,,,,
38,Zokak Forn el Na`nayi,11,80,88,168,15.3,0.909091,GOUMROUK - Kism 1 T. 1,Zawiet el Kabbanieh,,,,
39,Zokak el Dayeh,15,108,129,237,15.8,0.837209,GOUMROUK - Kism 1 T. 1,Zawiet el Kabbanieh,,,,
40,Haret Yasso,12,54,54,108,9,1,GOUMROUK - Kism 1 T. 1,Zawiet el Kabbanieh,,,,
41,Haret Abdel Wahab,11,74,75,149,13.5,0.986667,GOUMROUK - Kism 1 T. 1,Zawiet el Kabbanieh,,,,
42,Zokak Rayan,6,57,46,103,17.2,1.23913,GOUMROUK - Kism 1 T. 1,Zawiet el Kabbanieh,,,,
43,Zokak Ahmad el Barsigui,3,8,11,19,6.3,0.727273,GOUMROUK - Kism 1 T. 1,Zawiet el Kabbanieh,,,,
44,Haret Abdel Khalek el Bitache,7,19,26,45,6.4,0.730769,GOUMROUK - Kism 1 T. 1,Zawiet el Kabbanieh,,,,
45,Haret Sidi Mass’oud,10,59,54,113,11.3,1.092593,GOUMROUK - Kism 1 T. 1,Zawiet el Kabbanieh,,,,
46,Zokak el Fawal,13,61,64,125,9.6,0.953125,GOUMROUK - Kism 1 T. 1,Zawiet el Kabbanieh,,,,
47,Haret Abdel Aziz el Gallad,13,101,119,220,16.9,0.848739,GOUMROUK - Kism 1 T. 1,Zawiet el Kabbanieh,,,,
48,Haret el Hanafieh,50,322,306,628,12.6,1.052288,GOUMROUK - Kism 1 T. 1,Zawiet el Kabbanieh,,,,
49,Haret Matfan el Bitache,41,308,305,613,15,1.009836,GOUMROUK - Kism 1 T. 1,Zawiet el Kabbanieh,,,,
50,Charé'h Zawiet el Kabbanieh,47,394,318,712,15.1,1.238994,GOUMROUK - Kism 1 T. 1,Zawiet el Kabbanieh,,,,
51,Haret el Maktab,38,309,267,576,15.2,1.157303,GOUMROUK - Kism 1 T. 1,Zawiet el Kabbanieh,306,2069,1975,4044
52,Haret Bendoka,60,326,299,625,10.4,1.090301,GOUMROUK - Kism 1 T. 1,El Sayadine el Charki,,,,
53,Charé'h Zawiet Bakir,16,108,115,223,13.9,0.93913,GOUMROUK - Kism 1 T. 1,El Sayadine el Charki,,,,
54,Charé'h Saleh el Heddeni,21,154,157,311,14.8,0.980892,GOUMROUK - Kism 1 T. 1,El Sayadine el Charki,,,,
55,Charé'h Chimi Bey,15,59,53,112,7.5,1.113208,GOUMROUK - Kism 1 T. 1,El Sayadine el Charki,,,,
56,Charé'h Rassem Pacha,18,84,87,171,9.5,0.965517,GOUMROUK - Kism 1 T. 1,El Sayadine el Charki,,,,
57,Charé'h el Anfouchi,12,37,39,76,6.3,0.948718,GOUMROUK - Kism 1 T. 1,El Sayadine el Charki,,,,
58,Charé'h Moghrabi Effendi,25,127,129,256,10.2,0.984496,GOUMROUK - Kism 1 T. 1,El Sayadine el Charki,,,,
59,Charé'h el Haggari,1,3,4,7,7,0.75,GOUMROUK - Kism 1 T. 1,El Sayadine el Charki,,,,
60,Charé'h Zawiet Khattab,20,164,195,359,18,0.841026,GOUMROUK - Kism 1 T. 1,El Sayadine el Charki,,,,
61,Charé'h Sehsah,53,573,483,1056,19.9,1.186335,GOUMROUK - Kism 1 T. 1,El Sayadine el Charki,,,,
62,Charé'h el Arab,36,256,255,511,14.2,1.003922,GOUMROUK - Kism 1 T. 1,El Sayadine el Charki,,,,
63,Charé'h Aly Cha'ban,27,183,185,368,13.6,0.989189,GOUMROUK - Kism 1 T. 1,El Sayadine el Charki,304,2074,2001,4075
64,Haret el Berka,54,245,320,565,10.5,0.765625,GOUMROUK - Kism 1 T. 1,El Berka,,,,
65,Charé'h el Mawazini,13,186,197,383,29.5,0.944162,GOUMROUK - Kism 1 T. 1,El Berka,,,,
66,Charé'h Abou Nawayah,25,198,192,390,15.6,1.03125,GOUMROUK - Kism 1 T. 1,El Berka,,,,
67,Charé'h Gamé'h Taher Bey,34,179,225,404,11.9,0.795556,GOUMROUK - Kism 1 T. 1,El Berka,,,,
68,Charé'h el Dib,57,175,296,471,8.3,0.591216,GOUMROUK - Kism 1 T. 1,El Berka,,,,
69,Charé'h Bahnassi,51,519,295,814,16,1.759322,GOUMROUK - Kism 1 T. 1,El Berka,,,,
70,Haret el Ghazalat,50,443,339,782,15.6,1.306785,GOUMROUK - Kism 1 T. 1,El Berka,,,,
71,Charé'h el Haggari,38,291,230,521,13.7,1.265217,GOUMROUK - Kism 1 T. 1,El Berka,322,2236,2094,4330
72,Haret el Maghrabi,15,100,84,184,12.3,1.190476,GOUMROUK - Kism 1 T. 1,El Sayala el Soghra,,,,
73,Haret el Teleti,9,48,45,93,10.3,1.066667,GOUMROUK - Kism 1 T. 1,El Sayala el Soghra,,,,
74,Haret Ibrahim el Fakharani,11,59,61,120,10.9,0.967213,GOUMROUK - Kism 1 T. 1,El Sayala el Soghra,,,,
75,Haret Sidi Yacout,11,47,65,112,10.2,0.723077,GOUMROUK - Kism 1 T. 1,El Sayala el Soghra,,,,
76,Haret el Ach'àl,16,111,124,235,14.7,0.895161,GOUMROUK - Kism 1 T. 1,El Sayala el Soghra,,,,
77,Haret Abou Chagar,12,82,69,151,12.6,1.188406,GOUMROUK - Kism 1 T. 1,El Sayala el Soghra,,,,
78,Haret el Dawayati,47,249,263,512,10.9,0.946768,GOUMROUK - Kism 1 T. 1,El Sayala el Soghra,,,,
79,Charé'h el Sayala,21,197,204,401,19.1,0.965686,GOUMROUK - Kism 1 T. 1,El Sayala el Soghra,,,,
80,Charé'h Sidi Kazaman,53,401,352,753,14.2,1.139205,GOUMROUK - Kism 1 T. 1,El Sayala el Soghra,,,,
81,Charé'h Sidi Yacout,46,352,301,653,14.2,1.169435,GOUMROUK - Kism 1 T. 1,El Sayala el Soghra,,,,
82,Haret el Boreni,67,516,437,953,14.2,1.180778,GOUMROUK - Kism 1 T. 1,El Sayala el Soghra,308,2162,2005,4167
83,Haret el Mazar,48,324,330,654,13.6,0.981818,GOUMROUK - Kism 1 T. 1,El Mazar,,,,
84,Haret el Mazar w. Saba' Koran,90,762,843,1605,17.8,0.903915,GOUMROUK - Kism 1 T. 1,El Mazar,,,,
85,Haret el Cheikh el Banna,36,294,325,619,17.2,0.904615,GOUMROUK - Kism 1 T. 1,El Mazar,,,,
86,Haret Sidi el Mawazini,149,948,939,1887,12.7,1.009585,GOUMROUK - Kism 1 T. 1,El Mazar,323,2328,2437,4765
87,Zokak Salha Effendi el Hakima,16,79,88,167,10.4,0.897727,GOUMROUK - Kism 1 T. 1,El Sayadine el Gharbi,,,,
88,Haret Moussa Bey,5,18,24,42,8.4,0.75,GOUMROUK - Kism 1 T. 1,El Sayadine el Gharbi,,,,
89,Haret Ahmed Bey Bakri,36,276,248,524,14.6,1.112903,GOUMROUK - Kism 1 T. 1,El Sayadine el Gharbi,,,,
90,Haret el Sa'aïda,18,113,126,239,13.3,0.896825,GOUMROUK - Kism 1 T. 1,El Sayadine el Gharbi,,,,
91,Haret el Bechouti,5,42,35,77,15.4,1.2,GOUMROUK - Kism 1 T. 1,El Sayadine el Gharbi,,,,
92,Charé'h Ahmad Bey Abdallah,10,39,54,93,9.3,0.722222,GOUMROUK - Kism 1 T. 1,El Sayadine el Gharbi,,,,
93,Charé'h Ahmad Effendi Ayad,8,72,65,137,17.1,1.107692,GOUMROUK - Kism 1 T. 1,El Sayadine el Gharbi,,,,
94,Haret Yassa,28,153,183,336,12,0.836066,GOUMROUK - Kism 1 T. 1,El Sayadine el Gharbi,,,,
95,Bazbouzet Karakiche,30,174,163,337,11.2,1.067485,GOUMROUK - Kism 1 T. 1,El Sayadine el Gharbi,,,,
96,Haret Sidi Youssef el Go’rani,18,83,95,178,9.9,0.873684,GOUMROUK - Kism 1 T. 1,El Sayadine el Gharbi,,,,
97,Haret Mahmoud Aly el Dib,31,157,177,334,10.8,0.887006,GOUMROUK - Kism 1 T. 1,El Sayadine el Gharbi,,,,
98,Haret el Chabassi,9,55,54,109,12.1,1.018519,GOUMROUK - Kism 1 T. 1,El Sayadine el Gharbi,,,,
99,Haret Abdel Hamid eff. Mass’oud,10,49,68,117,11.7,0.720588,GOUMROUK - Kism 1 T. 1,El Sayadine el Gharbi,,,,
100,Charé'h Ras el Tine,38,267,246,513,13.5,1.085366,GOUMROUK - Kism 1 T. 1,El Sayadine el Gharbi,,,,
101,Charé'h el Hanafieh,23,365,308,673,29.3,1.185065,GOUMROUK - Kism 1 T. 1,El Sayadine el Gharbi,,,,
102,Phare,1,7,8,15,15,0.875,GOUMROUK - Kism 1 T. 1,El Sayadine el Gharbi,286,1949,1942,3891
103,Haret Bawabet el Cha'er,25,155,157,312,12.5,0.987261,GOUMROUK - Kism 1 T. 2,Haret el Chemirli el Gharbi,,,,
104,Haret el Tolombagui,17,126,107,233,13.7,1.17757,GOUMROUK - Kism 1 T. 2,Haret el Chemirli el Gharbi,,,,
105,Haret Ambar,38,180,172,352,9.3,1.046512,GOUMROUK - Kism 1 T. 2,Haret el Chemirli el Gharbi,,,,
106,Haret Abou Douèb,15,68,59,127,8.5,1.152542,GOUMROUK - Kism 1 T. 2,Haret el Chemirli el Gharbi,,,,
107,Haret el Deddah,12,73,73,146,12.2,1,GOUMROUK - Kism 1 T. 2,Haret el Chemirli el Gharbi,,,,
108,Haret Zakaria Bey,28,203,184,387,13.8,1.103261,GOUMROUK - Kism 1 T. 2,Haret el Chemirli el Gharbi,,,,
109,Charé'h el Zabtieh,50,127,118,245,4.9,1.076271,GOUMROUK - Kism 1 T. 2,Haret el Chemirli el Gharbi,,,,
110,Charé'h el Kontarguieh,22,191,161,352,16,1.186335,GOUMROUK - Kism 1 T. 2,Haret el Chemirli el Gharbi,,,,
111,Charé'h Forn el Korkache,26,266,212,478,18.4,1.254717,GOUMROUK - Kism 1 T. 2,Haret el Chemirli el Gharbi,,,,
112,Sans résidence fixe,-,100,12,112,#VALUE!,8.333333,GOUMROUK - Kism 1 T. 2,Haret el Chemirli el Gharbi,233,1489,1255,2744
113,Haret el Chorbagui,22,101,125,226,10.3,0.808,GOUMROUK - Kism 1 T. 2,El Maghawri,,,,
114,Haret Hassel el Nebouche,29,148,172,320,11,0.860465,GOUMROUK - Kism 1 T. 2,El Maghawri,,,,
115,Haret Rokka,28,129,120,249,8.9,1.075,GOUMROUK - Kism 1 T. 2,El Maghawri,,,,
116,Haret el Bannan,16,84,71,155,9.7,1.183099,GOUMROUK - Kism 1 T. 2,El Maghawri,,,,
117,Haret el Nakhla,11,92,112,204,18.5,0.821429,GOUMROUK - Kism 1 T. 2,El Maghawri,,,,
118,Haret Sa'fan w. el Fattala,35,183,189,372,10.6,0.968254,GOUMROUK - Kism 1 T. 2,El Maghawri,,,,
119,Haret Zeithar,27,166,170,336,12.4,0.976471,GOUMROUK - Kism 1 T. 2,El Maghawri,,,,
120,Charé'h Abou Wardeh,31,277,224,501,16.2,1.236607,GOUMROUK - Kism 1 T. 2,El Maghawri,,,,
121,Charé'h el Maghawri,46,442,338,780,17,1.307692,GOUMROUK - Kism 1 T. 2,El Maghawri,,,,
122,Sans résidence fixe,-,135,29,164,#VALUE!,4.655172,GOUMROUK - Kism 1 T. 2,El Maghawri,245,1757,1550,3307
123,Haret el Kayal,10,66,71,137,13.7,0.929577,GOUMROUK - Kism 1 T. 2,El Halwagui,,,,
124,Haret Rachid bey,16,119,125,244,15.3,0.952,GOUMROUK - Kism 1 T. 2,El Halwagui,,,,
125,Haret Badr el Dine,14,84,64,148,10.6,1.3125,GOUMROUK - Kism 1 T. 2,El Halwagui,,,,
126,Haret Khalil el Masri,13,57,65,122,9.4,0.876923,GOUMROUK - Kism 1 T. 2,El Halwagui,,,,
127,Haret Ass’as,6,52,47,99,16.5,1.106383,GOUMROUK - Kism 1 T. 2,El Halwagui,,,,
128,Haret el Nakhla,21,101,102,203,9.7,0.990196,GOUMROUK - Kism 1 T. 2,El Halwagui,,,,
129,Charé'h el Chemirli,12,60,56,116,9.7,1.071429,GOUMROUK - Kism 1 T. 2,El Halwagui,,,,
130,Charé'h el Goumrouk,14,69,68,137,9.8,1.014706,GOUMROUK - Kism 1 T. 2,El Halwagui,,,,
131,Haret Sidi Marzouk,24,249,258,507,21.1,0.965116,GOUMROUK - Kism 1 T. 2,El Halwagui,,,,
132,Charé'h el Halwagui,37,438,381,819,22.1,1.149606,GOUMROUK - Kism 1 T. 2,El Halwagui,,,,
133,Sans résidence fixe,-,116,14,130,#VALUE!,8.285714,GOUMROUK - Kism 1 T. 2,El Halwagui,167,1411,1251,2662
134,Zokak el Mehtesseb,6,37,40,77,12.8,0.925,GOUMROUK - Kism 1 T. 2,Charé'h el Bacha,,,,
135,Zokak el Mechlef,11,59,64,123,11.2,0.921875,GOUMROUK - Kism 1 T. 2,Charé'h el Bacha,,,,
136,Zokak el Abiad,20,114,120,234,11.7,0.95,GOUMROUK - Kism 1 T. 2,Charé'h el Bacha,,,,
137,Zokak Basmah,5,31,31,62,12.4,1,GOUMROUK - Kism 1 T. 2,Charé'h el Bacha,,,,
138,Haret Cherine Pacha,5,22,21,43,8.6,1.047619,GOUMROUK - Kism 1 T. 2,Charé'h el Bacha,,,,
139,Charé'h Abou Wardeh,10,34,38,72,7.2,0.894737,GOUMROUK - Kism 1 T. 2,Charé'h el Bacha,,,,
140,Eweneh Abou Wardeh,5,14,17,31,6.2,0.823529,GOUMROUK - Kism 1 T. 2,Charé'h el Bacha,,,,
141,Charé'h Abou Sen,12,71,80,151,12.6,0.8875,GOUMROUK - Kism 1 T. 2,Charé'h el Bacha,,,,
142,Charé'h Saffar Pacha,20,80,86,166,8.3,0.930233,GOUMROUK - Kism 1 T. 2,Charé'h el Bacha,,,,
143,Charé'h Sour el Tarsana,22,534,83,617,28,6.433735,GOUMROUK - Kism 1 T. 2,Charé'h el Bacha,,,,
144,Haret el Touroudi,46,256,285,541,11.8,0.898246,GOUMROUK - Kism 1 T. 2,Charé'h el Bacha,,,,
145,Haret Sidi Mansour,24,140,131,271,11.3,1.068702,GOUMROUK - Kism 1 T. 2,Charé'h el Bacha,,,,
146,Haret el Tolomba,15,58,71,129,8.6,0.816901,GOUMROUK - Kism 1 T. 2,Charé'h el Bacha,,,,
147,Charé'h el Bacha,42,403,390,793,18.9,1.033333,GOUMROUK - Kism 1 T. 2,Charé'h el Bacha,,,,
148,Sans résidence fixe,-,156,17,173,#VALUE!,9.176471,GOUMROUK - Kism 1 T. 2,Charé'h el Bacha,243,2009,1474,3483
149,Charé'h el Mahafzah,21,131,108,239,11.4,1.212963,GOUMROUK - Kism 1 T. 2,Haret el Chemirli el Charki,,,,
150,Haret el Chorbagui,10,39,62,101,10.1,0.629032,GOUMROUK - Kism 1 T. 2,Haret el Chemirli el Charki,,,,
151,Haret Rached Effendi,5,31,25,56,11.2,1.24,GOUMROUK - Kism 1 T. 2,Haret el Chemirli el Charki,,,,
152,Haret Abou Ghali,11,56,51,107,9.7,1.098039,GOUMROUK - Kism 1 T. 2,Haret el Chemirli el Charki,,,,
153,Haret el Chemirli,17,136,108,244,14.4,1.259259,GOUMROUK - Kism 1 T. 2,Haret el Chemirli el Charki,,,,
154,Haret Affarah,10,52,68,120,12,0.764706,GOUMROUK - Kism 1 T. 2,Haret el Chemirli el Charki,,,,
155,Haret el Egl,12,60,55,115,9.6,1.090909,GOUMROUK - Kism 1 T. 2,Haret el Chemirli el Charki,,,,
156,Zokak el Chammà',5,19,15,34,6.8,1.266667,GOUMROUK - Kism 1 T. 2,Haret el Chemirli el Charki,,,,
157,Haret Abassi Hafez,13,82,94,176,13.5,0.87234,GOUMROUK - Kism 1 T. 2,Haret el Chemirli el Charki,,,,
158,Haret el Sa’ran,9,43,41,84,9.3,1.04878,GOUMROUK - Kism 1 T. 2,Haret el Chemirli el Charki,,,,
159,Haret el Zawawi,11,83,69,152,13.8,1.202899,GOUMROUK - Kism 1 T. 2,Haret el Chemirli el Charki,,,,
160,Charé'h Zawiet el Sa'arna,2,6,8,14,7,0.75,GOUMROUK - Kism 1 T. 2,Haret el Chemirli el Charki,,,,
161,Zawieh Guomé’a,29,266,233,499,17.2,1.141631,GOUMROUK - Kism 1 T. 2,Haret el Chemirli el Charki,,,,
162,Haret Forn Salem,19,288,279,567,29.8,1.032258,GOUMROUK - Kism 1 T. 2,Haret el Chemirli el Charki,174,1292,1216,2508
163,Charé'h el Halwagui,10,117,113,230,23,1.035398,GOUMROUK - Kism 1 T. 2,Medawara,,,,
164,Haret Badr el Dine,6,46,54,100,16.7,0.851852,GOUMROUK - Kism 1 T. 2,Medawara,,,,
165,Haret Abou Tor,16,57,63,120,7.5,0.904762,GOUMROUK - Kism 1 T. 2,Medawara,,,,
166,Charé'h el Kontarguieh,9,41,47,88,9.8,0.87234,GOUMROUK - Kism 1 T. 2,Medawara,,,,
167,Haret dépendant de Medawara,9,41,43,84,9.3,0.953488,GOUMROUK - Kism 1 T. 2,Medawara,,,,
168,Charé'h Zawiet el A'rag,8,71,58,129,16.1,1.224138,GOUMROUK - Kism 1 T. 2,Medawara,,,,
169,Haret Medawara,42,227,249,476,11.3,0.911647,GOUMROUK - Kism 1 T. 2,Medawara,,,,
170,Charé'h el Goumrouk el Kadim,7,37,31,68,9.7,1.193548,GOUMROUK - Kism 1 T. 2,Medawara,,,,
171,Haret el Goumrouk el Kadim,5,24,25,49,9.8,0.96,GOUMROUK - Kism 1 T. 2,Medawara,,,,
172,Haret el Goumrouk el Kadim,5,31,24,55,11,1.291667,GOUMROUK - Kism 1 T. 2,Medawara,,,,
173,Charé'h el Tolomba,19,119,133,252,13.3,0.894737,GOUMROUK - Kism 1 T. 2,Medawara,,,,
174,Charé'h el Zabtieh,2,137,62,199,99.5,2.209677,GOUMROUK - Kism 1 T. 2,Medawara,,,,
175,Haret dépend. de Charé'h el Zabtieh,6,17,15,32,5.3,1.133333,GOUMROUK - Kism 1 T. 2,Medawara,,,,
176,Charé'h el Goumrouk el Kadim,78,908,555,1463,18.8,1.636036,GOUMROUK - Kism 1 T. 2,Medawara,,,,
177,Sans résidence fixe,-,212,53,265,#VALUE!,4,GOUMROUK - Kism 1 T. 2,Medawara,222,2085,1525,3610
178,Charé'h el Mahafzah,30,132,140,272,9.1,0.942857,GOUMROUK - Kism 1 T. 2,El Temrazieh,,,,
179,Haret el Mesekni,41,217,278,495,12.1,0.780576,GOUMROUK - Kism 1 T. 2,El Temrazieh,,,,
180,Haret Bez Ommeh,33,192,190,382,11.6,1.010526,GOUMROUK - Kism 1 T. 2,El Temrazieh,,,,
181,Charé'h Forn el Korkache,47,395,434,829,17.6,0.910138,GOUMROUK - Kism 1 T. 2,El Temrazieh,,,,
182,Haret el Temrazieh,58,448,497,945,16.3,0.901408,GOUMROUK - Kism 1 T. 2,El Temrazieh,,,,
183,Sans résidence fixe,-,136,22,158,#VALUE!,6.181818,GOUMROUK - Kism 1 T. 2,El Temrazieh,209,1520,1561,3081
184,Charé'h Souk el Samak el Kadim,24,132,165,297,12.4,0.8,GOUMROUK - Kism 1 T. 3,Souk el Samak el Kadim,,,,
185,El Charé'h el Mouballat,51,575,570,1145,22.5,1.008772,GOUMROUK - Kism 1 T. 3,Souk el Samak el Kadim,,,,
186,Haret el Kholi,8,46,55,101,12.6,0.836364,GOUMROUK - Kism 1 T. 3,Souk el Samak el Kadim,,,,
187,Haret Guemé’ay,4,45,35,80,20,1.285714,GOUMROUK - Kism 1 T. 3,Souk el Samak el Kadim,,,,
188,Haret Terbana,17,132,123,255,15,1.073171,GOUMROUK - Kism 1 T. 3,Souk el Samak el Kadim,,,,
189,Charé'h Madrasset el Amerikan,6,34,42,76,12.7,0.809524,GOUMROUK - Kism 1 T. 3,Souk el Samak el Kadim,,,,
190,Charé'h el Mahkameh el Kadima,18,101,120,221,12.3,0.841667,GOUMROUK - Kism 1 T. 3,Souk el Samak el Kadim,,,,
191,Haret el Ghatissi,25,179,207,386,15.4,0.864734,GOUMROUK - Kism 1 T. 3,Souk el Samak el Kadim,,,,
192,Haret dépend. de Charé'h el Zabtieh,9,85,85,170,18.9,1,GOUMROUK - Kism 1 T. 3,Souk el Samak el Kadim,,,,
193,Woukalet el Laïmoun,27,450,416,866,32.1,1.081731,GOUMROUK - Kism 1 T. 3,Souk el Samak el Kadim,,,,
194,Zawiet el Set,44,571,538,1109,25.2,1.061338,GOUMROUK - Kism 1 T. 3,Souk el Samak el Kadim,,,,
195,Charé'h el Midan,6,17,13,30,5,1.307692,GOUMROUK - Kism 1 T. 3,Souk el Samak el Kadim,,,,
196,Charé'h el Batarekh,26,189,198,387,14.9,0.954545,GOUMROUK - Kism 1 T. 3,Souk el Samak el Kadim,,,,
197,Sans résidence fixe,-,197,31,228,#VALUE!,6.354839,GOUMROUK - Kism 1 T. 3,Souk el Samak el Kadim,265,2753,2598,5351
198,Charé'h Consul el Malakan,20,104,89,193,9.7,1.168539,GOUMROUK - Kism 1 T. 3,Abou Choucha,,,,
199,Haret Ekkingui Osman,8,38,32,70,8.8,1.1875,GOUMROUK - Kism 1 T. 3,Abou Choucha,,,,
200,Haret el Mehtesseb,8,44,40,84,10.5,1.1,GOUMROUK - Kism 1 T. 3,Abou Choucha,,,,
201,Haret el Garbou’ay,4,31,27,58,14.5,1.148148,GOUMROUK - Kism 1 T. 3,Abou Choucha,,,,
202,Charé'h Haret el Yahoud,12,81,91,172,14.3,0.89011,GOUMROUK - Kism 1 T. 3,Abou Choucha,,,,
203,Haret Bawabet el Chahhatine,5,45,44,89,17.8,1.022727,GOUMROUK - Kism 1 T. 3,Abou Choucha,,,,
204,Haret el Yahoud,9,55,61,116,12.9,0.901639,GOUMROUK - Kism 1 T. 3,Abou Choucha,,,,
205,Haret el Goharieh,14,99,85,184,13.1,1.164706,GOUMROUK - Kism 1 T. 3,Abou Choucha,,,,
206,Haret el Khawassine,5,27,27,54,10.8,1,GOUMROUK - Kism 1 T. 3,Abou Choucha,,,,
207,Charé'h Aguinah,2,3,3,6,3,1,GOUMROUK - Kism 1 T. 3,Abou Choucha,,,,
208,Haret Ghobrial,9,57,62,119,13.2,0.919355,GOUMROUK - Kism 1 T. 3,Abou Choucha,,,,
209,Haret Bawabet el Chami,11,68,78,146,13.3,0.871795,GOUMROUK - Kism 1 T. 3,Abou Choucha,,,,
210,Charé'h el Maltieh,6,113,115,228,38,0.982609,GOUMROUK - Kism 1 T. 3,Abou Choucha,,,,
211,Haret Affarah,8,52,48,100,12.5,1.083333,GOUMROUK - Kism 1 T. 3,Abou Choucha,,,,
212,Charé'h el Goumrouk,2,4,2,6,3,2,GOUMROUK - Kism 1 T. 3,Abou Choucha,,,,
213,Charé'h el Gheriani,31,300,289,589,19,1.038062,GOUMROUK - Kism 1 T. 3,Abou Choucha,,,,
214,Gamé’h Sidi Lalo,44,389,400,789,17.9,0.9725,GOUMROUK - Kism 1 T. 3,Abou Choucha,,,,
215,Haret el Saba’ Koran,20,255,248,503,25.2,1.028226,GOUMROUK - Kism 1 T. 3,Abou Choucha,,,,
216,Charé'h Abou Choucha,52,533,480,1013,19.5,1.110417,GOUMROUK - Kism 1 T. 3,Abou Choucha,,,,
217,Sans résidence fixe,-,167,-,167,#VALUE!,#VALUE!,GOUMROUK - Kism 1 T. 3,Abou Choucha,270,2465,2221,4686
218,Charé'h 'Aly Bey Gueneina,6,21,16,37,6.2,1.3125,GOUMROUK - Kism 1 T. 3,El Balaktarieh el Soghra,,,,
219,Charé'h el Balaktarieh,18,71,74,145,8.1,0.959459,GOUMROUK - Kism 1 T. 3,El Balaktarieh el Soghra,,,,
220,Haret el Nadwi w. el Azzouni,19,116,141,257,13.5,0.822695,GOUMROUK - Kism 1 T. 3,El Balaktarieh el Soghra,,,,
221,Charé'h Abdel Men'em el Dalil,10,88,88,176,17.6,1,GOUMROUK - Kism 1 T. 3,El Balaktarieh el Soghra,,,,
222,Charé'h Sidi Soleiman,22,136,127,263,12,1.070866,GOUMROUK - Kism 1 T. 3,El Balaktarieh el Soghra,,,,
223,Charé'h el Rakchi,41,356,364,720,17.6,0.978022,GOUMROUK - Kism 1 T. 3,El Balaktarieh el Soghra,,,,
224,Haret Kera',128,134,134,262,2,1,GOUMROUK - Kism 1 T. 3,El Balaktarieh el Soghra,,,,
225,Haret Petracchi,17,107,113,220,12.9,0.946903,GOUMROUK - Kism 1 T. 3,El Balaktarieh el Soghra,,,,
226,Charé'h Mohammed Bey el Dib,13,59,75,134,10.3,0.786667,GOUMROUK - Kism 1 T. 3,El Balaktarieh el Soghra,,,,
227,Haret Souk el Manakhlieh,8,84,95,179,22.4,0.884211,GOUMROUK - Kism 1 T. 3,El Balaktarieh el Soghra,,,,
228,Charé'h el Midan,20,306,207,513,25.7,1.478261,GOUMROUK - Kism 1 T. 3,El Balaktarieh el Soghra,,,,
229,Charé'h Gamé'h Abdel Latif,13,108,109,217,16.7,0.990826,GOUMROUK - Kism 1 T. 3,El Balaktarieh el Soghra,,,,
230,Charé'h Bali,13,106,107,213,16.4,0.990654,GOUMROUK - Kism 1 T. 3,El Balaktarieh el Soghra,,,,
231,Charé'h el Sekka el Guedida,-,-,-,-,#VALUE!,#VALUE!,GOUMROUK - Kism 1 T. 3,El Balaktarieh el Soghra,,,,
232,Haret Kotb Effendi,37,315,303,618,16.7,1.039604,GOUMROUK - Kism 1 T. 3,El Balaktarieh el Soghra,,,,
233,Haret Kahwet el Gharbi,44,433,436,869,19.8,0.993119,GOUMROUK - Kism 1 T. 3,El Balaktarieh el Soghra,,,,
234,Charé'h Souk el Barsim,45,692,589,1281,28.5,1.174873,GOUMROUK - Kism 1 T. 3,El Balaktarieh el Soghra,342,3126,2978,6104
235,Haret el Rakchi,28,244,202,446,15.9,1.207921,GOUMROUK - Kism 1 T. 3,El Balaktarieh el Kobra,,,,
236,Charé'h Bab el Guir,50,510,451,961,19.2,1.13082,GOUMROUK - Kism 1 T. 3,El Balaktarieh el Kobra,,,,
237,Atfet Bab el Guir,3,10,14,24,8,0.714286,GOUMROUK - Kism 1 T. 3,El Balaktarieh el Kobra,,,,
238,Haret el Serafi,33,209,212,421,12.8,0.985849,GOUMROUK - Kism 1 T. 3,El Balaktarieh el Kobra,,,,
239,Haret Nouwar,9,63,66,129,14.3,0.954545,GOUMROUK - Kism 1 T. 3,El Balaktarieh el Kobra,,,,
240,Charé'h el Diwani,8,74,65,139,17.4,1.138462,GOUMROUK - Kism 1 T. 3,El Balaktarieh el Kobra,,,,
241,Zokak Kéla,11,105,95,200,18.2,1.105263,GOUMROUK - Kism 1 T. 3,El Balaktarieh el Kobra,,,,
242,Atfet Abou Aly,1,5,2,7,7,2.5,GOUMROUK - Kism 1 T. 3,El Balaktarieh el Kobra,,,,
243,Atfet el Heddeni,1,9,13,22,22,0.692308,GOUMROUK - Kism 1 T. 3,El Balaktarieh el Kobra,,,,
244,Haret Koteit,12,71,83,154,12.8,0.855422,GOUMROUK - Kism 1 T. 3,El Balaktarieh el Kobra,,,,
245,Charé'h el Nahhassine,45,399,379,778,17.3,1.05277,GOUMROUK - Kism 1 T. 3,El Balaktarieh el Kobra,,,,
246,Haret el Souweni,24,185,173,358,14.9,1.069364,GOUMROUK - Kism 1 T. 3,El Balaktarieh el Kobra,,,,
247,Haret el Lakani,30,187,232,419,14,0.806034,GOUMROUK - Kism 1 T. 3,El Balaktarieh el Kobra,,,,
248,Haret el Sabbagh,7,35,35,70,10,1,GOUMROUK - Kism 1 T. 3,El Balaktarieh el Kobra,,,,
249,Haret Nassib,20,139,122,261,13.1,1.139344,GOUMROUK - Kism 1 T. 3,El Balaktarieh el Kobra,,,,
250,Charé'h Farghali,18,120,128,248,13.8,0.9375,GOUMROUK - Kism 1 T. 3,El Balaktarieh el Kobra,,,,
251,Charé'h Inghilterra,26,191,198,389,15,0.964646,GOUMROUK - Kism 1 T. 3,El Balaktarieh el Kobra,,,,
252,Charé'h el Masri,11,59,70,129,11.7,0.842857,GOUMROUK - Kism 1 T. 3,El Balaktarieh el Kobra,,,,
253,Charé'h el Mostehi,3,11,12,23,7.7,0.916667,GOUMROUK - Kism 1 T. 3,El Balaktarieh el Kobra,,,,
254,Haret Aly Bey el Masri,24,185,200,385,16,0.925,GOUMROUK - Kism 1 T. 3,El Balaktarieh el Kobra,,,,
255,Charé'h el Goumrouk,25,175,64,239,9.6,2.734375,GOUMROUK - Kism 1 T. 3,El Balaktarieh el Kobra,,,,
256,Sans résidence fixe,-,221,28,249,#VALUE!,7.892857,GOUMROUK - Kism 1 T. 3,El Balaktarieh el Kobra,389,3207,2844,6051
257,Haret el Yahoud,11,66,55,121,11,1.2,GOUMROUK - Kism 1 T. 3,Kabou el Mallah,,,,
258,Charé'h Haret el Yahoud,13,59,54,113,8.7,1.092593,GOUMROUK - Kism 1 T. 3,Kabou el Mallah,,,,
259,Haret Hassanein Salem el Zayat,5,27,29,56,11.2,0.931034,GOUMROUK - Kism 1 T. 3,Kabou el Mallah,,,,
260,Haret el Berri,11,76,90,166,15.1,0.844444,GOUMROUK - Kism 1 T. 3,Kabou el Mallah,,,,
261,Charé'h Haret el Rakchi,32,188,181,369,11.5,1.038674,GOUMROUK - Kism 1 T. 3,Kabou el Mallah,,,,
262,Haret el Kammache,24,136,137,273,11.4,0.992701,GOUMROUK - Kism 1 T. 3,Kabou el Mallah,,,,
263,Charé'h Kabou el Mallah,15,164,171,335,22.3,0.959064,GOUMROUK - Kism 1 T. 3,Kabou el Mallah,,,,
264,Haret Barghout,12,84,105,189,15.8,0.8,GOUMROUK - Kism 1 T. 3,Kabou el Mallah,,,,
265,Charé'h el Bahr,1,2,-,2,2,#VALUE!,GOUMROUK - Kism 1 T. 3,Kabou el Mallah,,,,
266,Charé'h Haret el Yahoud,46,425,419,844,18.3,1.01432,GOUMROUK - Kism 1 T. 3,Kabou el Mallah,,,,
267,Haret el Kerdassi,48,451,384,835,17.4,1.174479,GOUMROUK - Kism 1 T. 3,Kabou el Mallah,,,,
268,Haret el Nokali,41,300,282,582,14.2,1.06383,GOUMROUK - Kism 1 T. 3,Kabou el Mallah,,,,
269,Haret el Sayi,43,324,336,660,15.3,0.964286,GOUMROUK - Kism 1 T. 3,Kabou el Mallah,,,,
270,Sans résidence fixe,-,117,10,127,#VALUE!,11.7,GOUMROUK - Kism 1 T. 3,Kabou el Mallah,302,2419,2253,4672
271,Haret Kahwet el Kezaz,14,74,76,150,10.7,0.973684,"LABBANE - Kism 2, t. 4",El Ibrahimi w. Kahwet el Kezaz,,,,
272,El Hara el Wassa’a,21,112,116,228,10.9,0.965517,"LABBANE - Kism 2, t. 4",El Ibrahimi w. Kahwet el Kezaz,,,,
273,Charé'h el Karasta,19,91,81,172,9.1,1.123457,"LABBANE - Kism 2, t. 4",El Ibrahimi w. Kahwet el Kezaz,,,,
274,Charé'h Haret Kahwet el Kezaz,12,53,42,95,7.9,1.261905,"LABBANE - Kism 2, t. 4",El Ibrahimi w. Kahwet el Kezaz,,,,
275,Charé'h Karakol el Labbane el Kadim,10,68,64,132,13.2,1.0625,"LABBANE - Kism 2, t. 4",El Ibrahimi w. Kahwet el Kezaz,,,,
276,Haret Kahwet el Kezaz,22,98,104,202,9.2,0.942308,"LABBANE - Kism 2, t. 4",El Ibrahimi w. Kahwet el Kezaz,,,,
277,Haret Kahwet el Kezaz,26,104,98,202,7.8,1.061224,"LABBANE - Kism 2, t. 4",El Ibrahimi w. Kahwet el Kezaz,,,,
278,Haret Kahwet el Kezaz,24,68,45,113,4.7,1.511111,"LABBANE - Kism 2, t. 4",El Ibrahimi w. Kahwet el Kezaz,,,,
279,Charé'h Anastasi,11,51,36,87,7.9,1.416667,"LABBANE - Kism 2, t. 4",El Ibrahimi w. Kahwet el Kezaz,,,,
280,Haret el Maltieh,16,73,74,147,9.2,0.986486,"LABBANE - Kism 2, t. 4",El Ibrahimi w. Kahwet el Kezaz,,,,
281,Haret el Akbat,13,128,122,250,19.2,1.04918,"LABBANE - Kism 2, t. 4",El Ibrahimi w. Kahwet el Kezaz,,,,
282,El Hara el Wassa'a,19,77,102,179,9.4,0.754902,"LABBANE - Kism 2, t. 4",El Ibrahimi w. Kahwet el Kezaz,,,,
283,Charé'h el Hara el Wassa’a,11,44,31,75,6.8,1.419355,"LABBANE - Kism 2, t. 4",El Ibrahimi w. Kahwet el Kezaz,,,,
284,Charé'h el Saboura,10,71,55,126,12.6,1.290909,"LABBANE - Kism 2, t. 4",El Ibrahimi w. Kahwet el Kezaz,,,,
285,Charé'h el Hag Nazir,8,32,31,63,7.9,1.032258,"LABBANE - Kism 2, t. 4",El Ibrahimi w. Kahwet el Kezaz,,,,
286,Charé'h el Ibrahimi,22,191,114,305,13.9,1.675439,"LABBANE - Kism 2, t. 4",El Ibrahimi w. Kahwet el Kezaz,,,,
287,Haret dépend. d’el Hara el Wassa’a,34,310,242,552,16.2,1.280992,"LABBANE - Kism 2, t. 4",El Ibrahimi w. Kahwet el Kezaz,292,1645,1433,3078
288,Charé'h el Menayar et N° 5,102,588,547,1135,11.1,1.074954,"LABBANE - Kism 2, t. 4",El Menayar,,,,
289,Charé'h Souk el Goma,51,92,46,138,2.7,2,"LABBANE - Kism 2, t. 4",El Menayar,,,,
290,Charé'h Stagni,32,64,25,89,2.8,2.56,"LABBANE - Kism 2, t. 4",El Menayar,,,,
291,Charé'h el Ibrahimi,47,181,138,319,6.8,1.311594,"LABBANE - Kism 2, t. 4",El Menayar,,,,
292,Charé'h N° 4,273,781,510,1291,4.7,1.531373,"LABBANE - Kism 2, t. 4",El Menayar,505,1706,1266,2972
293,Haret el Cheikh Ahmad Nour el Dine,56,339,328,667,11.9,1.033537,"LABBANE - Kism 2, t. 4",El Borhami w. Machmas el Bassal,,,,
294,Haret Hussein Nasr,38,221,250,471,12.4,0.884,"LABBANE - Kism 2, t. 4",El Borhami w. Machmas el Bassal,,,,
295,Haret el Tourk,40,242,235,477,11.9,1.029787,"LABBANE - Kism 2, t. 4",El Borhami w. Machmas el Bassal,,,,
296,Machmas el Bassel,25,128,119,247,9.9,1.07563,"LABBANE - Kism 2, t. 4",El Borhami w. Machmas el Bassal,,,,
297,Charé'h el Borhami,56,295,255,550,9.8,1.156863,"LABBANE - Kism 2, t. 4",El Borhami w. Machmas el Bassal,215,1225,1187,2412
298,Charé'h el Sekka el Guedida,90,310,194,504,5.6,1.597938,"LABBANE - Kism 2, t. 4",El Sekka el Guedida w. Forn el Guerayah,,,,
299,Atfet el Saharig,2,5,4,9,4.5,1.25,"LABBANE - Kism 2, t. 4",El Sekka el Guedida w. Forn el Guerayah,,,,
300,Charé'h el Sagha el Kebira,9,22,11,33,3.7,2,"LABBANE - Kism 2, t. 4",El Sekka el Guedida w. Forn el Guerayah,,,,
301,Haret el Balaktarieh w. el Sagha el Kadima,1,1,-,1,1,#VALUE!,"LABBANE - Kism 2, t. 4",El Sekka el Guedida w. Forn el Guerayah,,,,
302,Atfet el Haddadine,1,2,-,2,2,#VALUE!,"LABBANE - Kism 2, t. 4",El Sekka el Guedida w. Forn el Guerayah,,,,
303,Atfet el Sabbaghine,-,-,-,-,#VALUE!,#VALUE!,"LABBANE - Kism 2, t. 4",El Sekka el Guedida w. Forn el Guerayah,,,,
304,Atfet Ratib Pacha,-,-,-,-,#VALUE!,#VALUE!,"LABBANE - Kism 2, t. 4",El Sekka el Guedida w. Forn el Guerayah,,,,
305,Atfet Souk Om el Khouloul,2,5,-,5,2.5,#VALUE!,"LABBANE - Kism 2, t. 4",El Sekka el Guedida w. Forn el Guerayah,,,,
306,Atfet Souk el Samak,3,5,-,5,1.7,#VALUE!,"LABBANE - Kism 2, t. 4",El Sekka el Guedida w. Forn el Guerayah,,,,
307,Charé'h el Karasta,28,37,6,43,1.5,6.166667,"LABBANE - Kism 2, t. 4",El Sekka el Guedida w. Forn el Guerayah,,,,
308,Atfet el Saha,-,-,-,-,#VALUE!,#VALUE!,"LABBANE - Kism 2, t. 4",El Sekka el Guedida w. Forn el Guerayah,,,,
309,Charé'h Sidi Sabet,6,7,1,8,1.3,7,"LABBANE - Kism 2, t. 4",El Sekka el Guedida w. Forn el Guerayah,,,,
310,Charé'h el Kenissa,3,9,95,104,34.7,0.094737,"LABBANE - Kism 2, t. 4",El Sekka el Guedida w. Forn el Guerayah,,,,
311,Atfet Mohsen,-,-,-,-,#VALUE!,#VALUE!,"LABBANE - Kism 2, t. 4",El Sekka el Guedida w. Forn el Guerayah,,,,
312,Charé'h el Tartouchi,3,5,-,5,1.7,#VALUE!,"LABBANE - Kism 2, t. 4",El Sekka el Guedida w. Forn el Guerayah,,,,
313,Charé'h Kom el Nadoura,6,14,6,20,3.3,2.333333,"LABBANE - Kism 2, t. 4",El Sekka el Guedida w. Forn el Guerayah,,,,
314,Charé'h Saba' Saharig,6,34,31,65,10.8,1.096774,"LABBANE - Kism 2, t. 4",El Sekka el Guedida w. Forn el Guerayah,,,,
315,El Hara el Wassa’a,7,26,22,48,6.9,1.181818,"LABBANE - Kism 2, t. 4",El Sekka el Guedida w. Forn el Guerayah,,,,
316,Charé'h Forn el Guerayah el Kadim,4,26,19,45,11.3,1.368421,"LABBANE - Kism 2, t. 4",El Sekka el Guedida w. Forn el Guerayah,,,,
317,Atfet Sidi el Akabawi,8,22,6,28,3.5,3.666667,"LABBANE - Kism 2, t. 4",El Sekka el Guedida w. Forn el Guerayah,,,,
318,Charé'h el Karantina,12,83,11,94,7.8,7.545455,"LABBANE - Kism 2, t. 4",El Sekka el Guedida w. Forn el Guerayah,,,,
319,Haret Karam,15,103,112,215,14.3,0.919643,"LABBANE - Kism 2, t. 4",El Sekka el Guedida w. Forn el Guerayah,,,,
320,Charé'h el Goumrouk el Guedid,4,7,9,16,4,0.777778,"LABBANE - Kism 2, t. 4",El Sekka el Guedida w. Forn el Guerayah,,,,
321,Charé'h Nazir,35,77,52,129,3.7,1.480769,"LABBANE - Kism 2, t. 4",El Sekka el Guedida w. Forn el Guerayah,245,800,579,1379
322,Charé'h el Sabourah,295,1299,1204,2503,8.5,1.078904,"LABBANE - Kism 2, t. 4",El Sabourah,295,1299,1204,2503
323,Charé'h el Takhachib w. el Hara el Wassa'a,310,"1,336",1067,2403,7.8,1.252109,"LABBANE - Kism 2, t. 4",El Takhachib w. El Tartouchi,,,,
324,Charé'h el Tartouchi,184,188,181,369,2,1.038674,"LABBANE - Kism 2, t. 4",El Takhachib w. El Tartouchi,,,,
325,Charé'h Nazir,79,467,374,841,10.6,1.248663,"LABBANE - Kism 2, t. 4",El Takhachib w. El Tartouchi,573,1991,1622,3613
326,Haret el Farahdah,96,536,498,1034,10.8,1.076305,"LABBANE - Kism 2, t. 5",El Farahdah,,,,
327,Charé'h Sidi Scandar,157,829,779,1608,10.2,1.064185,"LABBANE - Kism 2, t. 5",El Farahdah,,,,
328,Charé'h el Choumani,82,395,364,759,9.3,1.085165,"LABBANE - Kism 2, t. 5",El Farahdah,,,,
329,Charé'h el Bourdi,32,192,188,380,11.9,1.021277,"LABBANE - Kism 2, t. 5",El Farahdah,367,1952,1829,3781
330,Charé'h Bab Sidra el Gouwani,266,1703,1528,3231,12.1,1.114529,"LABBANE - Kism 2, t. 5",Bab Sidra el Gouwani,265,1703,1528,3231
331,Haret el Nag,327,1159,1031,2190,6.7,1.124151,"LABBANE - Kism 2, t. 5",El Nag,,,,
332,Haret el Nag,242,1285,1233,2518,10.4,1.042174,"LABBANE - Kism 2, t. 5",El Nag,,,,
333,Haret el Nag,74,368,356,724,9.8,1.033708,"LABBANE - Kism 2, t. 5",El Nag,643,2812,2620,5432
334,Kom el Choukafa el Gouwani,135,273,164,437,3.2,1.664634,"LABBANE - Kism 2, t. 5",Kom el Choukafa el Gouwani w. el Borsa,,,,
335,Kom el Choukafa el Gouwani w. el Borsa,75,624,321,945,12.6,1.943925,"LABBANE - Kism 2, t. 5",Kom el Choukafa el Gouwani w. el Borsa,210,897,485,1382
336,Charé'h el Gueneina el Kobra,126,163,289,452,3.6,0.564014,"LABBANE - Kism 2, t. 5",El Gueneina el Kobra,,,,
337,Charé'h Kism Minet el Bassal,58,181,203,384,6.6,0.891626,"LABBANE - Kism 2, t. 5",El Gueneina el Kobra,,,,
338,Charé'h Souk el Me’iz,97,595,529,1124,11.6,1.124764,"LABBANE - Kism 2, t. 5",El Gueneina el Kobra,,,,
339,Charé'h el Manchieh el Soghra,9,71,72,143,15.9,0.986111,"LABBANE - Kism 2, t. 5",El Gueneina el Kobra,,,,
340,Charé'h Abou el Derdar,78,481,262,743,9.5,1.835878,"LABBANE - Kism 2, t. 5",El Gueneina el Kobra,,,,
341,Charé'h el Attarine,20,81,78,159,8,1.038462,"LABBANE - Kism 2, t. 5",El Gueneina el Kobra,388,1572,1433,3005
342,Haret el Soukounieh,235,454,420,874,3.7,1.080952,"LABBANE - Kism 2, t. 5",Gueneinet el Eiouni,,,,
343,Haret Gueneinet el Eiouni,145,994,909,1903,13.1,1.093509,"LABBANE - Kism 2, t. 5",Gueneinet el Eiouni,,,,
344,Sans résidence fixe,-,53,-,53,#VALUE!,#VALUE!,"LABBANE - Kism 2, t. 5",Gueneinet el Eiouni,380,1501,1329,2830
345,Charé'h el Ibrahimi,198,1254,807,2061,10.4,1.553903,"LABBANE - Kism 2, t. 5",Kom Bakir w. el Ibrahimi,,,,
346,Charé'h Kom Bakir,116,46,142,188,1.6,0.323944,"LABBANE - Kism 2, t. 5",Kom Bakir w. el Ibrahimi,,,,
347,Haret el Gueneina el Soghra,60,84,105,189,3.2,0.8,"LABBANE - Kism 2, t. 5",Kom Bakir w. el Ibrahimi,374,1384,1054,2438
348,Charé'h Bab Charki,4,27,29,56,14,0.931034,"ATTARINE - Kism 3, t. 6",El Messalla w. Bab Charki,,,,
349,Charé'h el Messalla,117,366,346,712,6.1,1.057803,"ATTARINE - Kism 3, t. 6",El Messalla w. Bab Charki,,,,
350,Charé'h Hôpital Grec,51,398,311,709,13.9,1.279743,"ATTARINE - Kism 3, t. 6",El Messalla w. Bab Charki,,,,
351,Charé'h el Ramleh,110,693,469,1162,10.6,1.477612,"ATTARINE - Kism 3, t. 6",El Messalla w. Bab Charki,,,,
352,Sans résidence fixe,-,34,7,41,#VALUE!,4.857143,"ATTARINE - Kism 3, t. 6",El Messalla w. Bab Charki,282,1518,1162,2680
353,Ezbet el Toubguieh,109,347,365,712,6.5,0.950685,"ATTARINE - Kism 3, t. 6",Lazzaretto N° 3,,,,
354,Ezbet el Fahhama,47,130,126,256,5.4,1.031746,"ATTARINE - Kism 3, t. 6",Lazzaretto N° 4,,,,
355,Charé'h Salakhana,6,165,53,218,36.3,3.113208,"ATTARINE - Kism 3, t. 6",Lazzaretto N° 5,,,,
356,Charé'h el Chatbi,1,1,-,1,1,#VALUE!,"ATTARINE - Kism 3, t. 6",Lazzaretto N° 6,,,,
357,Ezbet el Gouwar,156,671,682,1353,8.7,0.983871,"ATTARINE - Kism 3, t. 6",Lazzaretto N° 7,319,1314,1226,2540
358,El Souri bel Attarine,406,2150,1965,4115,10.1,1.094148,"ATTARINE - Kism 3, t. 6",El Souri bel Attarine,406,2150,1965,4115
359,Charé'h el Messalla N° 1,158,767,734,1501,9.5,1.044959,"ATTARINE - Kism 3, t. 6",El Messalla w. Charé'h el Ramleh,,,,
360,Charé'h el Messalla N° 2,13,76,77,153,11.8,0.987013,"ATTARINE - Kism 3, t. 6",El Messalla w. Charé'h el Ramleh,,,,
361,Charé'h el Messalla N° 3,85,304,251,555,6.5,1.211155,"ATTARINE - Kism 3, t. 6",El Messalla w. Charé'h el Ramleh,256,1147,1062,2209
362,Haret el Fakhoura,43,310,301,611,14.2,1.0299,"ATTARINE - Kism 3, t. 6",Bab Charki,,,,
363,Haret el Berka,94,634,597,1231,13.1,1.061977,"ATTARINE - Kism 3, t. 6",Bab Charki,,,,
364,Charé'h Bab Charki,43,243,155,398,9.3,1.567742,"ATTARINE - Kism 3, t. 6",Bab Charki,180,1187,1053,2240
365,Charé'h Bosta el Nemsa el Kadima,16,105,96,201,12.6,1.09375,"ATTARINE - Kism 3, t. 6",El Attarine w. Cicolani,,,,
366,Charé'h el Attarine,30,476,439,915,30.5,1.084282,"ATTARINE - Kism 3, t. 6",El Attarine w. Cicolani,,,,
367,Charé'h el Attarine w. Bab Omar Pacha,207,1133,1157,2290,11.1,0.979257,"ATTARINE - Kism 3, t. 6",El Attarine w. Cicolani,,,,
368,Charé'h el Attarine w. Cicolani,341,1685,1598,3283,9.6,1.054443,"ATTARINE - Kism 3, t. 6",El Attarine w. Cicolani,594,3399,3290,6689
369,Bab Charki,29,374,408,782,27,0.916667,"ATTARINE - Kism 3, t. 6",Kom el Dikka el Gharbi,,,,
370,Kom el Dikka el Gharbi,256,1674,1678,3352,13.1,0.997616,"ATTARINE - Kism 3, t. 6",Kom el Dikka el Gharbi,285,2048,2086,4134
371,Haret Ibrahim Salem,12,50,60,110,9.2,0.833333,"ATTARINE - Kism 3, t. 6",El Attarine,,,,
372,Charé'h el Mahatta,39,388,206,594,15.2,1.883495,"ATTARINE - Kism 3, t. 6",El Attarine,,,,
373,Haret el Borayi,25,145,171,316,12.6,0.847953,"ATTARINE - Kism 3, t. 6",El Attarine,,,,
374,Haret Souélem,38,213,203,416,10.9,1.049261,"ATTARINE - Kism 3, t. 6",El Attarine,,,,
375,Haret Bedeir,35,162,143,305,8.7,1.132867,"ATTARINE - Kism 3, t. 6",El Attarine,,,,
376,Haret Consolato el Nemsa,35,186,197,383,10.9,0.944162,"ATTARINE - Kism 3, t. 6",El Attarine,,,,
377,Charé'h Cherif Pacha,8,118,147,265,33.1,0.802721,"ATTARINE - Kism 3, t. 6",El Attarine,,,,
378,Haret el Fora,42,313,254,567,13.5,1.232283,"ATTARINE - Kism 3, t. 6",El Attarine,,,,
379,Charé'h Bosta el Nemsa,2,37,37,74,37,1,"ATTARINE - Kism 3, t. 6",El Attarine,,,,
380,Charé'h el Nemsa,1,15,22,37,37,0.681818,"ATTARINE - Kism 3, t. 6",El Attarine,,,,
381,Charé'h Nabi-Allah Danial,30,185,227,412,13.7,0.814978,"ATTARINE - Kism 3, t. 6",El Attarine,,,,
382,Charé'h Tewfik,24,301,300,601,25,1.003333,"ATTARINE - Kism 3, t. 6",El Attarine,,,,
383,Charé'h el Attarine,28,288,299,587,21,0.963211,"ATTARINE - Kism 3, t. 6",El Attarine,,,,
384,Sans résidence fixe,-,112,-,112,#VALUE!,#VALUE!,"ATTARINE - Kism 3, t. 6",El Attarine,319,2513,2266,4779
385,Ezbet Gabr,22,56,79,135,6.1,0.708861,"ATTARINE - Kism 3, t. 6",Lazzaretto N° 2,,,,
386,Ezbet el Touta,16,71,62,133,8.3,1.145161,"ATTARINE - Kism 3, t. 6",Lazzaretto N° 3,,,,
387,Ezbet el Messalla,173,760,695,1455,8.4,1.093525,"ATTARINE - Kism 3, t. 6",Lazzaretto N° 4,,,,
388,Ezbet el Magaïrieh,100,377,385,762,7.6,0.979221,"ATTARINE - Kism 3, t. 6",Lazzaretto N° 5,311,1264,1221,2485
389,Charé'h Cherif Pacha,29,262,236,498,17.2,1.110169,"ATTARINE - Kism 3, t. 6",Cherif Pacha w. el Messalla,,,,
390,Charé'h Kenisset Debbane,11,52,55,107,9.7,0.945455,"ATTARINE - Kism 3, t. 6",Cherif Pacha w. el Messalla,,,,
391,Charé'h Bab Charki,7,37,48,85,12.1,0.770833,"ATTARINE - Kism 3, t. 6",Cherif Pacha w. el Messalla,,,,
392,Charé'h Saïd,72,540,568,1108,15.4,0.950704,"ATTARINE - Kism 3, t. 6",Cherif Pacha w. el Messalla,,,,
393,Charé'h Nabi-Allah Danial,106,679,666,1345,12.7,1.01952,"ATTARINE - Kism 3, t. 6",Cherif Pacha w. el Messalla,,,,
394,Mahatteh Ramleh,170,1616,1103,2719,16,1.465095,"ATTARINE - Kism 3, t. 6",Cherif Pacha w. el Messalla,395,3186,2676,5862
395,Kom el Dikka el Charki,245,1604,1554,3158,12.9,1.032175,"ATTARINE - Kism 3, t. 6",Kom el Dikka el Charki,245,1604,1554,3158
396,Charé'h el Mex,5,11,7,18,3.6,1.571429,"MINET EL BASSAL - Kism 4, t. 7",Tabiet Saleh,,,,
397,Haret Darwiche el Bourdéni,14,100,91,191,13.6,1.098901,"MINET EL BASSAL - Kism 4, t. 7",Tabiet Saleh,,,,
398,Haret Menasce,5,11,11,22,4.4,1,"MINET EL BASSAL - Kism 4, t. 7",Tabiet Saleh,,,,
399,Atfet Ahmad Annous,53,359,328,687,13,1.094512,"MINET EL BASSAL - Kism 4, t. 7",Tabiet Saleh,,,,
400,Haret el Gamé’h,185,964,942,1906,10.3,1.023355,"MINET EL BASSAL - Kism 4, t. 7",Tabiet Saleh,,,,
401,Haret Abou el Enein,92,446,448,894,9.7,0.995536,"MINET EL BASSAL - Kism 4, t. 7",Tabiet Saleh,354,1891,1827,3718
402,Charé'h el Assi,58,333,293,626,10.8,1.136519,"MINET EL BASSAL - Kism 4, t. 7",El Mafrouza,,,,
403,Haret Farahat,36,208,189,397,11,1.100529,"MINET EL BASSAL - Kism 4, t. 7",El Mafrouza,,,,
404,Charé'h el Mafrouza,318,1374,1159,2633,8.3,1.185505,"MINET EL BASSAL - Kism 4, t. 7",El Mafrouza,412,2015,1641,3656
405,Charé'h Kafret el Arab,77,293,273,566,7.4,1.07326,"MINET EL BASSAL - Kism 4, t. 7",Kafret el Arab,,,,
406,Haret Kafret el Arab,155,672,613,1285,8.3,1.096248,"MINET EL BASSAL - Kism 4, t. 7",Kafret el Arab,,,,
407,Haret Om Kebeba,57,202,172,374,6.6,1.174419,"MINET EL BASSAL - Kism 4, t. 7",Kafret el Arab,,,,
408,Kafret Abdel Halim,92,371,335,706,7.7,1.107463,"MINET EL BASSAL - Kism 4, t. 7",Kafret el Arab,,,,
409,Charé'h el Mex,8,33,19,52,6.5,1.736842,"MINET EL BASSAL - Kism 4, t. 7",Kafret el Arab,,,,
410,Sans résidence fixe,-,72,-,72,#VALUE!,#VALUE!,"MINET EL BASSAL - Kism 4, t. 7",Kafret el Arab,389,1643,1412,3055
411,Haret Aly el Garran,7,34,36,70,10,0.944444,"MINET EL BASSAL - Kism 4, t. 7",Bab el Gabbari,,,,
412,Haret Mohammed Ghelèche,24,68,70,138,5.8,0.971429,"MINET EL BASSAL - Kism 4, t. 7",Bab el Gabbari,,,,
413,Haret el Chimi,9,44,45,89,9.9,0.977778,"MINET EL BASSAL - Kism 4, t. 7",Bab el Gabbari,,,,
414,Haret el Bey,3,9,18,27,9,0.5,"MINET EL BASSAL - Kism 4, t. 7",Bab el Gabbari,,,,
415,Haret Mohammed Awad el Banna,5,25,22,47,9.4,1.136364,"MINET EL BASSAL - Kism 4, t. 7",Bab el Gabbari,,,,
416,Haret Hassan el Naga,3,14,10,24,8,1.4,"MINET EL BASSAL - Kism 4, t. 7",Bab el Gabbari,,,,
417,Haret Soleiman el Kalachi,6,24,31,55,9.2,0.774194,"MINET EL BASSAL - Kism 4, t. 7",Bab el Gabbari,,,,
418,Haret Aly Atwa,7,30,29,59,8.4,1.034483,"MINET EL BASSAL - Kism 4, t. 7",Bab el Gabbari,,,,
419,Haret Helal Nabawi,28,157,142,299,10.7,1.105634,"MINET EL BASSAL - Kism 4, t. 7",Bab el Gabbari,,,,
420,Atfet Bayoumi Mohammed,11,37,28,65,5.9,1.321429,"MINET EL BASSAL - Kism 4, t. 7",Bab el Gabbari,,,,
421,Haret Hassan el Ghoul,29,87,100,187,6.4,0.87,"MINET EL BASSAL - Kism 4, t. 7",Bab el Gabbari,,,,
422,Atfet Ibrahim Khalaf,6,23,26,49,8.2,0.884615,"MINET EL BASSAL - Kism 4, t. 7",Bab el Gabbari,,,,
423,Haret Aly Mohsen,26,117,118,235,9,0.991525,"MINET EL BASSAL - Kism 4, t. 7",Bab el Gabbari,,,,
424,Haret Mohammed Mohsen,6,25,32,57,9.5,0.78125,"MINET EL BASSAL - Kism 4, t. 7",Bab el Gabbari,,,,
425,Haret Atiah Ibrahim,4,19,18,37,9.3,1.055556,"MINET EL BASSAL - Kism 4, t. 7",Bab el Gabbari,,,,
426,Haret Aly el Gohari,16,55,52,107,6.7,1.057692,"MINET EL BASSAL - Kism 4, t. 7",Bab el Gabbari,,,,
427,Haret Aly el Safti,5,19,26,45,9,0.730769,"MINET EL BASSAL - Kism 4, t. 7",Bab el Gabbari,,,,
428,Haret Abdel Rahman Mohammed,10,23,26,49,4.9,0.884615,"MINET EL BASSAL - Kism 4, t. 7",Bab el Gabbari,,,,
429,Haret Mohammed el Chimi,19,55,68,123,6.5,0.808824,"MINET EL BASSAL - Kism 4, t. 7",Bab el Gabbari,,,,
430,Haret Mohammed Afifi,29,135,136,271,9.3,0.992647,"MINET EL BASSAL - Kism 4, t. 7",Bab el Gabbari,,,,
431,Haret Mohammed Metwalli,29,128,157,285,9.8,0.815287,"MINET EL BASSAL - Kism 4, t. 7",Bab el Gabbari,,,,
432,Haret Fathallah Dessouki,13,72,75,147,11.3,0.96,"MINET EL BASSAL - Kism 4, t. 7",Bab el Gabbari,,,,
433,Haret Hassan Hassab-el-Nabi,12,49,80,129,10.8,0.6125,"MINET EL BASSAL - Kism 4, t. 7",Bab el Gabbari,,,,
434,Haret Kom el Malh,29,134,130,264,9.1,1.030769,"MINET EL BASSAL - Kism 4, t. 7",Bab el Gabbari,,,,
435,Haret Khalil Homa,29,107,122,229,7.9,0.877049,"MINET EL BASSAL - Kism 4, t. 7",Bab el Gabbari,,,,
436,Haret Aly Freha,9,27,41,68,7.6,0.658537,"MINET EL BASSAL - Kism 4, t. 7",Bab el Gabbari,,,,
437,Kantaret el Sekka Hadid,8,24,29,53,6.6,0.827586,"MINET EL BASSAL - Kism 4, t. 7",Bab el Gabbari,,,,
438,Bab el Gabbari,14,38,58,96,6.9,0.655172,"MINET EL BASSAL - Kism 4, t. 7",Bab el Gabbari,,,,
439,Charé'h el Mex,26,198,208,406,15.6,0.951923,"MINET EL BASSAL - Kism 4, t. 7",Bab el Gabbari,,,,
440,Charé'h el Gueneina,33,206,209,415,12.6,0.985646,"MINET EL BASSAL - Kism 4, t. 7",Bab el Gabbari,,,,
441,Charé'h Makhzan el Gaz,29,216,189,405,14,1.142857,"MINET EL BASSAL - Kism 4, t. 7",Bab el Gabbari,,,,
442,Haret Hassan Chalabi,87,513,494,1007,11.6,1.038462,"MINET EL BASSAL - Kism 4, t. 7",Bab el Gabbari,,,,
443,Gueneinet el Gabbari,38,231,182,413,10.9,1.269231,"MINET EL BASSAL - Kism 4, t. 7",Bab el Gabbari,,,,
444,Sans résidence fixe,-,179,53,232,#VALUE!,3.377358,"MINET EL BASSAL - Kism 4, t. 7",Bab el Gabbari,609,3122,3060,6182
445,El Mex,283,1206,921,2127,7.5,1.309446,"MINET EL BASSAL - Kism 4, t. 7",El Mex,283,1206,921,2127
446,Charé'h el Mahmoudieh,4,16,20,36,9,0.8,"MINET EL BASSAL - Kism 4, t. 7",Kafr Achri,,,,
447,Haret Mohammed Rezk,6,30,30,60,10,1,"MINET EL BASSAL - Kism 4, t. 7",Kafr Achri,,,,
448,Haret Karkour,11,45,42,87,7.9,1.071429,"MINET EL BASSAL - Kism 4, t. 7",Kafr Achri,,,,
449,Haret Ahmad Achri,4,11,16,27,6.8,0.6875,"MINET EL BASSAL - Kism 4, t. 7",Kafr Achri,,,,
450,Charé'h el Hag Issa,10,49,53,102,10.2,0.924528,"MINET EL BASSAL - Kism 4, t. 7",Kafr Achri,,,,
451,Charé'h Zulficar,-,-,-,-,#VALUE!,#VALUE!,"MINET EL BASSAL - Kism 4, t. 7",Kafr Achri,,,,
452,Charé'h Gamé'h el Hag Issa,1,11,5,16,16,2.2,"MINET EL BASSAL - Kism 4, t. 7",Kafr Achri,,,,
453,Haret Achmawi w. Rostom,19,92,91,183,9.6,1.010989,"MINET EL BASSAL - Kism 4, t. 7",Kafr Achri,,,,
454,Haret Hassan Abou Aly,16,97,104,201,12.6,0.932692,"MINET EL BASSAL - Kism 4, t. 7",Kafr Achri,,,,
455,Haret el Hag Issa,19,84,100,184,9.7,0.84,"MINET EL BASSAL - Kism 4, t. 7",Kafr Achri,,,,
456,Haret el Mekaddem Youssef,6,30,29,59,9.8,1.034483,"MINET EL BASSAL - Kism 4, t. 7",Kafr Achri,,,,
457,Haret el Hag Mekkawi,25,141,173,314,12.6,0.815029,"MINET EL BASSAL - Kism 4, t. 7",Kafr Achri,,,,
458,Haret Agami,11,81,80,161,14.6,1.0125,"MINET EL BASSAL - Kism 4, t. 7",Kafr Achri,,,,
459,Haret el Chadli,9,63,68,131,14.6,0.926471,"MINET EL BASSAL - Kism 4, t. 7",Kafr Achri,,,,
460,Haret el Hahache,16,83,80,163,10.2,1.0375,"MINET EL BASSAL - Kism 4, t. 7",Kafr Achri,,,,
461,Haret el Bey,84,453,437,890,10.6,1.036613,"MINET EL BASSAL - Kism 4, t. 7",Kafr Achri,,,,
462,Haret el Gueneina,52,318,281,599,11.5,1.131673,"MINET EL BASSAL - Kism 4, t. 7",Kafr Achri,,,,
463,Sans résidence fixe,-,182,21,203,#VALUE!,8.666667,"MINET EL BASSAL - Kism 4, t. 7",Kafr Achri,293,1783,1630,3416
464,Phare,1,7,-,7,7,#VALUE!,"MINET EL BASSAL - Kism 4, t. 7",Kafr Achri el Awadi,,,,
465,Charé'h el Daira Sanieh,6,11,8,19,3.2,1.375,"MINET EL BASSAL - Kism 4, t. 7",Kafr Achri el Awadi,,,,
466,Charé'h Zervudachi,6,7,-,7,1.2,#VALUE!,"MINET EL BASSAL - Kism 4, t. 7",Kafr Achri el Awadi,,,,
467,Charé'h el Tarikh,3,9,10,19,6.3,0.9,"MINET EL BASSAL - Kism 4, t. 7",Kafr Achri el Awadi,,,,
468,Charé'h Mahattet el Gabbari,28,60,32,92,3.3,1.875,"MINET EL BASSAL - Kism 4, t. 7",Kafr Achri el Awadi,,,,
469,Atfet Abdel Nabi,45,335,309,644,14.3,1.084142,"MINET EL BASSAL - Kism 4, t. 7",Kafr Achri el Awadi,,,,
470,Atfet el Segayi,3,17,9,26,8.7,1.888889,"MINET EL BASSAL - Kism 4, t. 7",Kafr Achri el Awadi,,,,
471,Charé'h Zulfikar,33,152,134,286,8.7,1.134328,"MINET EL BASSAL - Kism 4, t. 7",Kafr Achri el Awadi,,,,
472,Atfet el Hag Eid,15,68,77,145,9.7,0.883117,"MINET EL BASSAL - Kism 4, t. 7",Kafr Achri el Awadi,,,,
473,Atfet Abou Sakr,4,15,19,34,8.5,0.789474,"MINET EL BASSAL - Kism 4, t. 7",Kafr Achri el Awadi,,,,
474,Atfet Darwiche Khalil,19,74,75,149,7.8,0.986667,"MINET EL BASSAL - Kism 4, t. 7",Kafr Achri el Awadi,,,,
475,Atfet Youssef Abdel Wahab,51,188,198,386,7.6,0.949495,"MINET EL BASSAL - Kism 4, t. 7",Kafr Achri el Awadi,,,,
476,Atfet Abou Chohra,10,52,50,102,10.2,1.04,"MINET EL BASSAL - Kism 4, t. 7",Kafr Achri el Awadi,,,,
477,Haret el Sab,28,165,168,333,11.9,0.982143,"MINET EL BASSAL - Kism 4, t. 7",Kafr Achri el Awadi,,,,
478,Atfet el Bahr,3,3,-,3,1,#VALUE!,"MINET EL BASSAL - Kism 4, t. 7",Kafr Achri el Awadi,,,,
479,Charé'h Forn el Guerayah,4,10,2,12,3,5,"MINET EL BASSAL - Kism 4, t. 7",Kafr Achri el Awadi,,,,
480,Ezbet el Fakhoura,16,36,35,71,4.4,1.028571,"MINET EL BASSAL - Kism 4, t. 7",Kafr Achri el Awadi,,,,
481,Ezbet el Antika,31,72,84,156,5,0.857143,"MINET EL BASSAL - Kism 4, t. 7",Kafr Achri el Awadi,,,,
482,Mohattah el Gabbari,80,81,11,92,1.2,7.363636,"MINET EL BASSAL - Kism 4, t. 7",Kafr Achri el Awadi,,,,
483,Sans résidence fixe,-,97,15,112,#VALUE!,6.466667,"MINET EL BASSAL - Kism 4, t. 7",Kafr Achri el Awadi,388,1459,1236,2695
484,Charé'h el Mex,3,6,11,17,5.7,0.545455,"MINET EL BASSAL - Kism 4, t. 7",El Gabbari,,,,
485,Haret Ismaïl Bey,18,54,67,121,6.7,0.80597,"MINET EL BASSAL - Kism 4, t. 7",El Gabbari,,,,
486,Haret Gamé’h Hussein Pacha Helmi,18,63,59,122,6.8,1.067797,"MINET EL BASSAL - Kism 4, t. 7",El Gabbari,,,,
487,Haret el Dahliche,63,285,302,587,9.3,0.943709,"MINET EL BASSAL - Kism 4, t. 7",El Gabbari,,,,
488,Atfet dépendt. de Charé'h el Mex,3,5,3,8,2.7,1.666667,"MINET EL BASSAL - Kism 4, t. 7",El Gabbari,,,,
489,Haret Abdel Karim Moutapha el Khachiche,7,51,76,127,18.1,0.671053,"MINET EL BASSAL - Kism 4, t. 7",El Gabbari,,,,
490,Haret el Cheikh Hassan Ahmed Sayed,18,78,86,164,9.1,0.906977,"MINET EL BASSAL - Kism 4, t. 7",El Gabbari,,,,
491,Haret Abdel Fattah el Nazer,8,22,26,48,6,0.846154,"MINET EL BASSAL - Kism 4, t. 7",El Gabbari,,,,
492,Haret Gueneina Hassan Chalabi,12,62,34,96,8,1.823529,"MINET EL BASSAL - Kism 4, t. 7",El Gabbari,,,,
493,Haret Mohammed Chabaka,20,163,182,345,17.3,0.895604,"MINET EL BASSAL - Kism 4, t. 7",El Gabbari,,,,
494,Haret Hassanein el Zayat,9,47,53,100,11.1,0.886792,"MINET EL BASSAL - Kism 4, t. 7",El Gabbari,,,,
495,Haret Farghal,3,22,14,36,12,1.571429,"MINET EL BASSAL - Kism 4, t. 7",El Gabbari,,,,
496,Haret Sid Ahmad el Marhoumi,16,54,63,117,7.3,0.857143,"MINET EL BASSAL - Kism 4, t. 7",El Gabbari,,,,
497,Haret Moursi Ahmad el Mizayen,7,29,25,54,7.7,1.16,"MINET EL BASSAL - Kism 4, t. 7",El Gabbari,,,,
498,Haret el Dayah,6,29,27,56,9.3,1.074074,"MINET EL BASSAL - Kism 4, t. 7",El Gabbari,,,,
499,Haret Ibrahim Abou Hassan,16,65,76,141,8.8,0.855263,"MINET EL BASSAL - Kism 4, t. 7",El Gabbari,,,,
500,Haret Amer,20,78,81,159,8,0.962963,"MINET EL BASSAL - Kism 4, t. 7",El Gabbari,,,,
501,Zawiet el Hag Soleiman,10,34,38,72,7.2,0.894737,"MINET EL BASSAL - Kism 4, t. 7",El Gabbari,,,,
502,Haret Hassan Siriakoussi,9,52,44,96,10.7,1.181818,"MINET EL BASSAL - Kism 4, t. 7",El Gabbari,,,,
503,Haret Wabour Mohammed Afifi,7,27,19,46,6.6,1.421053,"MINET EL BASSAL - Kism 4, t. 7",El Gabbari,,,,
504,Haret Ahmad Hammad,6,38,28,66,11,1.357143,"MINET EL BASSAL - Kism 4, t. 7",El Gabbari,,,,
505,Haret Tourk Om Salem,19,91,96,187,9.8,0.947917,"MINET EL BASSAL - Kism 4, t. 7",El Gabbari,,,,
506,Haret el Fahira,53,236,217,453,8.5,1.087558,"MINET EL BASSAL - Kism 4, t. 7",El Gabbari,,,,
507,Haret Wabour Mohammed Afifi,25,70,59,129,5.2,1.186441,"MINET EL BASSAL - Kism 4, t. 7",El Gabbari,,,,
508,Sans résidence fixe,-,186,18,204,#VALUE!,10.333333,"MINET EL BASSAL - Kism 4, t. 7",El Gabbari,376,1847,1704,3551
509,El Dekheila,244,1220,1030,2250,9.2,1.184466,"MINET EL BASSAL - Kism 4, t. 7",El Dekheila,244,1220,1030,2250
510,Charé'h el Mex,18,67,54,121,6.7,1.240741,"MINET EL BASSAL - Kism 4, t. 7",Souk el Wardian,,,,
511,Atfet Ibrahim el Ghawi,19,57,64,121,6.4,0.890625,"MINET EL BASSAL - Kism 4, t. 7",Souk el Wardian,,,,
512,Atfet el Toubguieh,24,80,78,158,6.6,1.025641,"MINET EL BASSAL - Kism 4, t. 7",Souk el Wardian,,,,
513,Atfet el Selouk,4,8,5,13,3.3,1.6,"MINET EL BASSAL - Kism 4, t. 7",Souk el Wardian,,,,
514,Atfet el Hakim,191,838,840,1678,8.8,0.997619,"MINET EL BASSAL - Kism 4, t. 7",Souk el Wardian,,,,
515,Atfet el Youssara,101,500,459,959,9.5,1.089325,"MINET EL BASSAL - Kism 4, t. 7",Souk el Wardian,357,1550,1500,3050
516,Bédouins à Souk el Wardian,-,2486,642,3128,#VALUE!,3.872274,"MINET EL BASSAL - Kism 4, t. 7",Campements,,2488,642,3128
517,Minet el Bassal w. Kobri Hasseb,5,18,6,24,4.8,3,"MOHARREM BEY w. MINET EL BASSAL - Kism 5, r. 8",Amoud el Sawari,,,,
518,Minet el Bassal,3,165,5,170,56.7,33,"MOHARREM BEY w. MINET EL BASSAL - Kism 5, r. 8",Amoud el Sawari,,,,
519,Haret Gadallah,14,171,120,291,20.8,1.425,"MOHARREM BEY w. MINET EL BASSAL - Kism 5, r. 8",Amoud el Sawari,,,,
520,Charé'h Kom el Choukafa w. Gamé'h Cha’at,17,98,94,192,11.3,1.042553,"MOHARREM BEY w. MINET EL BASSAL - Kism 5, r. 8",Amoud el Sawari,,,,
521,Haret Ahmad Aly el Naggar,20,123,101,224,11.2,1.217822,"MOHARREM BEY w. MINET EL BASSAL - Kism 5, r. 8",Amoud el Sawari,,,,
522,Haret Mohammed Abdel Rub w. Ahmad Chata,28,187,179,366,13.1,1.044693,"MOHARREM BEY w. MINET EL BASSAL - Kism 5, r. 8",Amoud el Sawari,,,,
523,Haret Mohammed Waked,23,96,79,175,7.6,1.21519,"MOHARREM BEY w. MINET EL BASSAL - Kism 5, r. 8",Amoud el Sawari,,,,
524,Haret Aly Hamchara,25,91,82,173,6.9,1.109756,"MOHARREM BEY w. MINET EL BASSAL - Kism 5, r. 8",Amoud el Sawari,,,,
525,Haret Ibrahim Hassan,20,100,93,193,9.7,1.075269,"MOHARREM BEY w. MINET EL BASSAL - Kism 5, r. 8",Amoud el Sawari,,,,
526,Haret Ismail Younès,21,81,91,172,8.2,0.89011,"MOHARREM BEY w. MINET EL BASSAL - Kism 5, r. 8",Amoud el Sawari,,,,
527,Haret Mohammed Abou Hachem,20,67,77,144,7.2,0.87013,"MOHARREM BEY w. MINET EL BASSAL - Kism 5, r. 8",Amoud el Sawari,,,,
528,Haret Hussein Hassan,18,68,55,123,6.8,1.236364,"MOHARREM BEY w. MINET EL BASSAL - Kism 5, r. 8",Amoud el Sawari,,,,
529,Haret Mahmoud Ata,20,49,53,102,5.1,0.924528,"MOHARREM BEY w. MINET EL BASSAL - Kism 5, r. 8",Amoud el Sawari,,,,
530,Haret Abdallah el Derini,21,65,70,135,6.4,0.928571,"MOHARREM BEY w. MINET EL BASSAL - Kism 5, r. 8",Amoud el Sawari,,,,
531,Haret Mohammed Abou el Seoud,21,73,78,151,7.2,0.935897,"MOHARREM BEY w. MINET EL BASSAL - Kism 5, r. 8",Amoud el Sawari,,,,
532,Haret el Saffouri,16,60,59,119,7.4,1.016949,"MOHARREM BEY w. MINET EL BASSAL - Kism 5, r. 8",Amoud el Sawari,,,,
533,Haret Bassiouni Bassiouni,17,57,52,109,6.4,1.096154,"MOHARREM BEY w. MINET EL BASSAL - Kism 5, r. 8",Amoud el Sawari,,,,
534,Haret Khafagui,19,63,67,130,6.8,0.940299,"MOHARREM BEY w. MINET EL BASSAL - Kism 5, r. 8",Amoud el Sawari,,,,
535,Haret Ibrahim Abou Chams,16,42,41,83,5.2,1.02439,"MOHARREM BEY w. MINET EL BASSAL - Kism 5, r. 8",Amoud el Sawari,,,,
536,Haret Abou Gabr,22,72,86,158,7.2,0.837209,"MOHARREM BEY w. MINET EL BASSAL - Kism 5, r. 8",Amoud el Sawari,,,,
537,Haret Hassan el Fiki,21,47,48,95,4.5,0.979167,"MOHARREM BEY w. MINET EL BASSAL - Kism 5, r. 8",Amoud el Sawari,,,,
538,Haret Abou Zayed,24,63,67,130,5.4,0.940299,"MOHARREM BEY w. MINET EL BASSAL - Kism 5, r. 8",Amoud el Sawari,,,,
539,Haret El Ghassal,17,68,72,140,8.2,0.944444,"MOHARREM BEY w. MINET EL BASSAL - Kism 5, r. 8",Amoud el Sawari,,,,
540,Haret Barouf,-,-,-,-,#VALUE!,#VALUE!,"MOHARREM BEY w. MINET EL BASSAL - Kism 5, r. 8",Amoud el Sawari,,,,
541,Sans résidence fixe,-,237,49,286,#VALUE!,4.836735,"MOHARREM BEY w. MINET EL BASSAL - Kism 5, r. 8",Amoud el Sawari,428,2161,1724,3885
542,Charé'h el Sekka el Hadid,93,471,473,944,10.2,0.995772,"MOHARREM BEY w. MINET EL BASSAL - Kism 5, r. 8",Charki Bab el Guédid,,,,
543,Charé'h Moharrem Bey,8,45,44,89,11.1,1.022727,"MOHARREM BEY w. MINET EL BASSAL - Kism 5, r. 8",Charki Bab el Guédid,,,,
544,Charé'h el Manchieh,28,73,81,154,5.5,0.901235,"MOHARREM BEY w. MINET EL BASSAL - Kism 5, r. 8",Charki Bab el Guédid,,,,
545,Charé'h Moharrem Bey,81,522,482,1004,12.4,1.082988,"MOHARREM BEY w. MINET EL BASSAL - Kism 5, r. 8",Charki Bab el Guédid,,,,
546,Charé'h el Hadika,39,98,114,212,5.4,0.859649,"MOHARREM BEY w. MINET EL BASSAL - Kism 5, r. 8",Charki Bab el Guédid,,,,
547,Charé'h Gueneinet el Bawab,95,432,443,875,9.2,0.975169,"MOHARREM BEY w. MINET EL BASSAL - Kism 5, r. 8",Charki Bab el Guédid,,,,
548,Charé'h Ezbet Ghorbal,23,51,59,110,4.8,0.864407,"MOHARREM BEY w. MINET EL BASSAL - Kism 5, r. 8",Charki Bab el Guédid,,,,
549,Charé'h Paolino,109,467,442,909,8.3,1.056561,"MOHARREM BEY w. MINET EL BASSAL - Kism 5, r. 8",Charki Bab el Guédid,,,,
550,Charé'h Chat el Mahmoudieh,33,80,63,143,4.3,1.269841,"MOHARREM BEY w. MINET EL BASSAL - Kism 5, r. 8",Charki Bab el Guédid,,,,
551,Charé'h Gamé'h Soultan,53,111,92,203,3.8,1.206522,"MOHARREM BEY w. MINET EL BASSAL - Kism 5, r. 8",Charki Bab el Guédid,,,,
552,Charé'h el Hadika,24,147,154,301,12.5,0.954545,"MOHARREM BEY w. MINET EL BASSAL - Kism 5, r. 8",Charki Bab el Guédid,,,,
553,Charé'h Haret Echech el Sabil,60,166,169,335,5.6,0.982249,"MOHARREM BEY w. MINET EL BASSAL - Kism 5, r. 8",Charki Bab el Guédid,,,,
554,Khartet Gamé'h el Hadari w. Gheit el Bawab,72,320,299,619,8.6,1.070234,"MOHARREM BEY w. MINET EL BASSAL - Kism 5, r. 8",Charki Bab el Guédid,718,2983,2915,5898
555,Haret el Hamamsi,19,92,101,193,10.2,0.910891,"MOHARREM BEY w. MINET EL BASSAL - Kism 5, r. 8",Bab Omar Pacha,,,,
556,Haret el Arini,37,257,263,520,14.1,0.977186,"MOHARREM BEY w. MINET EL BASSAL - Kism 5, r. 8",Bab Omar Pacha,,,,
557,Haret Sallam,38,280,294,574,15.1,0.952381,"MOHARREM BEY w. MINET EL BASSAL - Kism 5, r. 8",Bab Omar Pacha,,,,
558,Haret el Tawil,37,229,229,458,12.4,1,"MOHARREM BEY w. MINET EL BASSAL - Kism 5, r. 8",Bab Omar Pacha,,,,
559,Haret el Sayed Charaf,31,178,195,373,12,0.912821,"MOHARREM BEY w. MINET EL BASSAL - Kism 5, r. 8",Bab Omar Pacha,,,,
560,Haret Makardous,24,102,134,236,9.8,0.761194,"MOHARREM BEY w. MINET EL BASSAL - Kism 5, r. 8",Bab Omar Pacha,,,,
561,Haret Abdel Halim,26,123,129,252,9.7,0.953488,"MOHARREM BEY w. MINET EL BASSAL - Kism 5, r. 8",Bab Omar Pacha,,,,
562,Haret el Fakharani,29,177,180,357,12.3,0.983333,"MOHARREM BEY w. MINET EL BASSAL - Kism 5, r. 8",Bab Omar Pacha,,,,
563,Haret Ismaïl Batta,35,233,213,446,12.7,1.093897,"MOHARREM BEY w. MINET EL BASSAL - Kism 5, r. 8",Bab Omar Pacha,,,,
564,Haret el Kasfariti,28,172,185,357,12.8,0.92973,"MOHARREM BEY w. MINET EL BASSAL - Kism 5, r. 8",Bab Omar Pacha,,,,
565,Haret Ibrahim Sanad,38,184,185,369,9.7,0.994595,"MOHARREM BEY w. MINET EL BASSAL - Kism 5, r. 8",Bab Omar Pacha,,,,
566,Gabal Nubar Pacha,130,798,709,1507,11.6,1.125529,"MOHARREM BEY w. MINET EL BASSAL - Kism 5, r. 8",Bab Omar Pacha,,,,
567,Charé'h el Amoud,31,165,167,332,10.7,0.988024,"MOHARREM BEY w. MINET EL BASSAL - Kism 5, r. 8",Bab Omar Pacha,,,,
568,Haret Beltagui Abou Mandour,25,147,160,307,12.3,0.91875,"MOHARREM BEY w. MINET EL BASSAL - Kism 5, r. 8",Bab Omar Pacha,,,,
569,Charé'h el Karakol,32,163,168,331,10.3,0.970238,"MOHARREM BEY w. MINET EL BASSAL - Kism 5, r. 8",Bab Omar Pacha,,,,
570,Haret Ibrahim Issa,24,141,143,284,11.8,0.986014,"MOHARREM BEY w. MINET EL BASSAL - Kism 5, r. 8",Bab Omar Pacha,,,,
571,Charé'h Omar Pacha,23,113,91,204,8.9,1.241758,"MOHARREM BEY w. MINET EL BASSAL - Kism 5, r. 8",Bab Omar Pacha,,,,
572,Haret el Guizawi,52,247,241,488,9.4,1.024896,"MOHARREM BEY w. MINET EL BASSAL - Kism 5, r. 8",Bab Omar Pacha,,,,
573,Sans résidence fixe,-,212,-,212,#VALUE!,#VALUE!,"MOHARREM BEY w. MINET EL BASSAL - Kism 5, r. 8",Bab Omar Pacha,659,4013,3787,7800
574,Haret el Fahaïri,33,148,176,324,9.8,0.840909,"MOHARREM BEY w. MINET EL BASSAL - Kism 5, r. 8",Kom Chokafa el Barrani,,,,
575,Haret el Sayed Ewedah,41,173,202,375,9.1,0.856436,"MOHARREM BEY w. MINET EL BASSAL - Kism 5, r. 8",Kom Chokafa el Barrani,,,,
576,Charé'h Aly Bey Hussein,9,70,66,136,15.1,1.060606,"MOHARREM BEY w. MINET EL BASSAL - Kism 5, r. 8",Kom Chokafa el Barrani,,,,
577,Haret Chata,41,214,218,432,10.5,0.981651,"MOHARREM BEY w. MINET EL BASSAL - Kism 5, r. 8",Kom Chokafa el Barrani,,,,
578,Haret Cha’at,48,213,217,430,9,0.981567,"MOHARREM BEY w. MINET EL BASSAL - Kism 5, r. 8",Kom Chokafa el Barrani,,,,
579,Haret Aly Bey Hussein Gharbi,3,3,-,3,1,#VALUE!,"MOHARREM BEY w. MINET EL BASSAL - Kism 5, r. 8",Kom Chokafa el Barrani,,,,
580,Charé'h Aly Bey Hussein Kebli,8,37,33,70,8.8,1.121212,"MOHARREM BEY w. MINET EL BASSAL - Kism 5, r. 8",Kom Chokafa el Barrani,,,,
581,Charé'h Hassan Bey Abdallah,7,27,32,59,8.4,0.84375,"MOHARREM BEY w. MINET EL BASSAL - Kism 5, r. 8",Kom Chokafa el Barrani,,,,
582,Haret Kolkela,47,288,280,568,12.1,1.028571,"MOHARREM BEY w. MINET EL BASSAL - Kism 5, r. 8",Kom Chokafa el Barrani,,,,
583,Haret Charchar,50,285,316,601,12,0.901899,"MOHARREM BEY w. MINET EL BASSAL - Kism 5, r. 8",Kom Chokafa el Barrani,287,1458,1540,2998
584,Charé'h Amoud el Sawari,30,76,75,151,5,1.013333,"MOHARREM BEY w. MINET EL BASSAL - Kism 5, r. 8",Bab Sidra el Barrani,,,,
585,Haret Moustapha Hannout,63,230,254,484,7.7,0.905512,"MOHARREM BEY w. MINET EL BASSAL - Kism 5, r. 8",Bab Sidra el Barrani,,,,
586,Haret Amine Madwar,88,420,372,792,9,1.129032,"MOHARREM BEY w. MINET EL BASSAL - Kism 5, r. 8",Bab Sidra el Barrani,,,,
587,Haret Moussa Aly el Dallal,55,317,283,600,10.9,1.120141,"MOHARREM BEY w. MINET EL BASSAL - Kism 5, r. 8",Bab Sidra el Barrani,,,,
588,Haret Soleiman Effendi,49,226,245,471,9.6,0.922449,"MOHARREM BEY w. MINET EL BASSAL - Kism 5, r. 8",Bab Sidra el Barrani,,,,
589,Haret Moursi Zaher,37,175,168,343,9.3,1.041667,"MOHARREM BEY w. MINET EL BASSAL - Kism 5, r. 8",Bab Sidra el Barrani,,,,
590,Haret Hussein Farag,8,41,36,77,9.6,1.138889,"MOHARREM BEY w. MINET EL BASSAL - Kism 5, r. 8",Bab Sidra el Barrani,330,1485,1433,2918
591,Gueneinet el Nouzha,10,31,8,39,3.9,3.875,"MOHARREM BEY w. MINET EL BASSAL - Kism 5, r. 8",Hadra w. El Ibrahimieh,,,,
592,Ezbet Prince Ahmad Pacha,70,209,218,427,6.1,0.958716,"MOHARREM BEY w. MINET EL BASSAL - Kism 5, r. 8",Hadra w. El Ibrahimieh,,,,
593,Charé'h Moustapha Bey el Manzalawi,76,221,212,433,5.7,1.042453,"MOHARREM BEY w. MINET EL BASSAL - Kism 5, r. 8",Hadra w. El Ibrahimieh,,,,
594,Ezbet Menasce,21,78,74,152,7.2,1.054054,"MOHARREM BEY w. MINET EL BASSAL - Kism 5, r. 8",Hadra w. El Ibrahimieh,,,,
595,Charé'h Bacha,24,105,115,220,9.2,0.913043,"MOHARREM BEY w. MINET EL BASSAL - Kism 5, r. 8",Hadra w. El Ibrahimieh,,,,
596,Ezbet el Royah,42,72,87,159,3.8,0.827586,"MOHARREM BEY w. MINET EL BASSAL - Kism 5, r. 8",Hadra w. El Ibrahimieh,,,,
597,Ezbet Prince Ahmad Pacha,42,121,128,249,5.9,0.945313,"MOHARREM BEY w. MINET EL BASSAL - Kism 5, r. 8",Hadra w. El Ibrahimieh,,,,
598,Haret Mohammed Allam,13,54,54,108,8.3,1,"MOHARREM BEY w. MINET EL BASSAL - Kism 5, r. 8",Hadra w. El Ibrahimieh,,,,
599,Ezbet Ahmad Pacha Ra'fat,22,54,68,122,5.5,0.794118,"MOHARREM BEY w. MINET EL BASSAL - Kism 5, r. 8",Hadra w. El Ibrahimieh,,,,
600,Haret Wabour Selim w. Charé'h Youssef Bey,98,426,454,880,9,0.938326,"MOHARREM BEY w. MINET EL BASSAL - Kism 5, r. 8",Hadra w. El Ibrahimieh,,,,
601,Charé'h el Hag Ibrahim el Ammar,23,66,70,136,5.9,0.942857,"MOHARREM BEY w. MINET EL BASSAL - Kism 5, r. 8",Hadra w. El Ibrahimieh,,,,
602,Charé'h Osman Pacha,30,74,94,168,5.6,0.787234,"MOHARREM BEY w. MINET EL BASSAL - Kism 5, r. 8",Hadra w. El Ibrahimieh,,,,
603,Charé'h Youssef el Mekhemar,54,133,154,287,5.3,0.863636,"MOHARREM BEY w. MINET EL BASSAL - Kism 5, r. 8",Hadra w. El Ibrahimieh,,,,
604,Ezbet Toussoun Pacha,77,186,215,401,5.2,0.865116,"MOHARREM BEY w. MINET EL BASSAL - Kism 5, r. 8",Hadra w. El Ibrahimieh,,,,
605,Haret el Gazayer,18,57,49,106,5.9,1.163265,"MOHARREM BEY w. MINET EL BASSAL - Kism 5, r. 8",Hadra w. El Ibrahimieh,,,,
606,Haret Salem Badr,10,51,56,107,10.7,0.910714,"MOHARREM BEY w. MINET EL BASSAL - Kism 5, r. 8",Hadra w. El Ibrahimieh,,,,
607,Haret el Farran,13,153,155,308,23.7,0.987097,"MOHARREM BEY w. MINET EL BASSAL - Kism 5, r. 8",Hadra w. El Ibrahimieh,,,,
608,Haret el Raïs,17,47,61,108,6.4,0.770492,"MOHARREM BEY w. MINET EL BASSAL - Kism 5, r. 8",Hadra w. El Ibrahimieh,,,,
609,Haret Ewedah,8,53,60,113,14.1,0.883333,"MOHARREM BEY w. MINET EL BASSAL - Kism 5, r. 8",Hadra w. El Ibrahimieh,,,,
610,Ibrahimieh,61,159,137,296,4.9,1.160584,"MOHARREM BEY w. MINET EL BASSAL - Kism 5, r. 8",Hadra w. El Ibrahimieh,,,,
611,Ezbet Toussoun Pacha,48,112,120,232,4.8,0.933333,"MOHARREM BEY w. MINET EL BASSAL - Kism 5, r. 8",Hadra w. El Ibrahimieh,,,,
612,Ezbet Makhlouf,35,122,128,250,7.1,0.953125,"MOHARREM BEY w. MINET EL BASSAL - Kism 5, r. 8",Hadra w. El Ibrahimieh,,,,
613,Charé'h Mohammed Zeidan,13,31,42,73,5.6,0.738095,"MOHARREM BEY w. MINET EL BASSAL - Kism 5, r. 8",Hadra w. El Ibrahimieh,,,,
614,Charé'h Chehawi,15,50,59,109,7.3,0.847458,"MOHARREM BEY w. MINET EL BASSAL - Kism 5, r. 8",Hadra w. El Ibrahimieh,,,,
615,Ezbet Prince Ibrahim Pacha,74,210,201,411,5.6,1.044776,"MOHARREM BEY w. MINET EL BASSAL - Kism 5, r. 8",Hadra w. El Ibrahimieh,,,,
616,Charé'h el Hadra,73,306,289,595,8.2,1.058824,"MOHARREM BEY w. MINET EL BASSAL - Kism 5, r. 8",Hadra w. El Ibrahimieh,,,,
617,Sidi Gaber,99,305,319,624,6.3,0.956113,"MOHARREM BEY w. MINET EL BASSAL - Kism 5, r. 8",Hadra w. El Ibrahimieh,,,,
618,Ezbet Ragab Pacha,10,32,19,51,5.1,1.684211,"MOHARREM BEY w. MINET EL BASSAL - Kism 5, r. 8",Hadra w. El Ibrahimieh,,,,
619,Ezbet el Hag Hegazi,29,63,83,146,5,0.759036,"MOHARREM BEY w. MINET EL BASSAL - Kism 5, r. 8",Hadra w. El Ibrahimieh,,,,
620,Charé'h Tayel,14,48,55,103,7.4,0.872727,"MOHARREM BEY w. MINET EL BASSAL - Kism 5, r. 8",Hadra w. El Ibrahimieh,,,,
621,Ezbet Antoniades,41,67,73,140,3.4,0.917808,"MOHARREM BEY w. MINET EL BASSAL - Kism 5, r. 8",Hadra w. El Ibrahimieh,,,,
622,Ezbet Osman Pacha Orfi,35,108,120,228,6.5,0.9,"MOHARREM BEY w. MINET EL BASSAL - Kism 5, r. 8",Hadra w. El Ibrahimieh,,,,
623,Ezbet Guemé'aï,9,20,11,31,3.4,1.818182,"MOHARREM BEY w. MINET EL BASSAL - Kism 5, r. 8",Hadra w. El Ibrahimieh,,,,
624,Sans résidence fixe,-,123,27,150,#VALUE!,4.555556,"MOHARREM BEY w. MINET EL BASSAL - Kism 5, r. 8",Hadra w. El Ibrahimieh,1224,3947,4015,7962
625,Charé'h el Tawabi,69,903,384,1287,18.7,2.351563,"MOHARREM BEY w. MINET EL BASSAL - Kism 5, r. 8",Gharbi Bab el Guédid,,,,
626,Haret el Médah,38,135,160,295,7.8,0.84375,"MOHARREM BEY w. MINET EL BASSAL - Kism 5, r. 8",Gharbi Bab el Guédid,,,,
627,Haret el Game’h,38,193,194,387,10.2,0.994845,"MOHARREM BEY w. MINET EL BASSAL - Kism 5, r. 8",Gharbi Bab el Guédid,,,,
628,Haret el Hammarah,41,201,211,412,10,0.952607,"MOHARREM BEY w. MINET EL BASSAL - Kism 5, r. 8",Gharbi Bab el Guédid,,,,
629,Haret Tabeh el Dine,55,301,349,650,11.8,0.862464,"MOHARREM BEY w. MINET EL BASSAL - Kism 5, r. 8",Gharbi Bab el Guédid,,,,
630,Haret Aly Khalil,52,250,284,534,10.3,0.880282,"MOHARREM BEY w. MINET EL BASSAL - Kism 5, r. 8",Gharbi Bab el Guédid,,,,
631,Haret el Hossari,60,250,274,524,8.7,0.912409,"MOHARREM BEY w. MINET EL BASSAL - Kism 5, r. 8",Gharbi Bab el Guédid,,,,
632,Haret el Madrassa,156,715,709,1424,9.1,1.008463,"MOHARREM BEY w. MINET EL BASSAL - Kism 5, r. 8",Gharbi Bab el Guédid,,,,
633,Charé'h el Khodari,40,206,211,417,10.4,0.976303,"MOHARREM BEY w. MINET EL BASSAL - Kism 5, r. 8",Gharbi Bab el Guédid,,,,
634,El Moghrabi,151,670,681,1351,8.9,0.983847,"MOHARREM BEY w. MINET EL BASSAL - Kism 5, r. 8",Gharbi Bab el Guédid,700,3824,3457,7281
635,Charé'h el Maghrabi,20,125,117,242,12.1,1.068376,"MOHARREM BEY w. MINET EL BASSAL - Kism 5, r. 8",Gharbi Karmouz,,,,
636,Charé'h Wabour el Gaz,50,280,292,572,11.4,0.958904,"MOHARREM BEY w. MINET EL BASSAL - Kism 5, r. 8",Gharbi Karmouz,,,,
637,Haret Moursi el Sabbagh,8,46,62,108,13.5,0.741935,"MOHARREM BEY w. MINET EL BASSAL - Kism 5, r. 8",Gharbi Karmouz,,,,
638,Haret Ahmad Farghali,43,255,260,515,12,0.980769,"MOHARREM BEY w. MINET EL BASSAL - Kism 5, r. 8",Gharbi Karmouz,,,,
639,Haret Aly Badr el Farran,24,127,149,276,11.5,0.852349,"MOHARREM BEY w. MINET EL BASSAL - Kism 5, r. 8",Gharbi Karmouz,,,,
640,Haret el Lessi Moustapha,17,124,118,242,14.2,1.050847,"MOHARREM BEY w. MINET EL BASSAL - Kism 5, r. 8",Gharbi Karmouz,,,,
641,Haret Awad Ga'far,29,159,172,331,11.4,0.924419,"MOHARREM BEY w. MINET EL BASSAL - Kism 5, r. 8",Gharbi Karmouz,,,,
642,Haret Abou Fodah,18,122,88,210,11.7,1.386364,"MOHARREM BEY w. MINET EL BASSAL - Kism 5, r. 8",Gharbi Karmouz,,,,
643,Haret Aly el Guizawi,13,54,66,120,9.2,0.818182,"MOHARREM BEY w. MINET EL BASSAL - Kism 5, r. 8",Gharbi Karmouz,,,,
644,Haret Abou el Naga Effendi,33,135,149,284,8.6,0.90604,"MOHARREM BEY w. MINET EL BASSAL - Kism 5, r. 8",Gharbi Karmouz,,,,
645,Charé'h Karmouz,68,332,352,684,10.1,0.943182,"MOHARREM BEY w. MINET EL BASSAL - Kism 5, r. 8",Gharbi Karmouz,323,1759,1825,3584
646,Charé'h el Mahmoudieh,23,57,53,110,4.8,1.075472,"MOHARREM BEY w. MINET EL BASSAL - Kism 5, r. 8",Gharb Kom Choukafa,,,,
647,Ezbet Kom el Choukafa,44,192,177,369,8.4,1.084746,"MOHARREM BEY w. MINET EL BASSAL - Kism 5, r. 8",Gharb Kom Choukafa,,,,
648,Charé'h Wabour el Zeit,13,54,49,103,7.9,1.102041,"MOHARREM BEY w. MINET EL BASSAL - Kism 5, r. 8",Gharb Kom Choukafa,,,,
649,Haret el Rassif w. Haret el Wabour,15,89,93,182,12.1,0.956989,"MOHARREM BEY w. MINET EL BASSAL - Kism 5, r. 8",Gharb Kom Choukafa,,,,
650,Haret el Marakbieh,38,171,188,359,9.4,0.909574,"MOHARREM BEY w. MINET EL BASSAL - Kism 5, r. 8",Gharb Kom Choukafa,,,,
651,Haret el Gaazouri,39,197,201,398,10.2,0.9801,"MOHARREM BEY w. MINET EL BASSAL - Kism 5, r. 8",Gharb Kom Choukafa,,,,
652,Haret el Touradi,44,185,200,385,8.8,0.925,"MOHARREM BEY w. MINET EL BASSAL - Kism 5, r. 8",Gharb Kom Choukafa,,,,
653,Haret Om Hartein,53,202,227,429,8.1,0.889868,"MOHARREM BEY w. MINET EL BASSAL - Kism 5, r. 8",Gharb Kom Choukafa,,,,
654,Haret el Hadayer,43,195,184,379,8.8,1.059783,"MOHARREM BEY w. MINET EL BASSAL - Kism 5, r. 8",Gharb Kom Choukafa,,,,
655,Charé'h el Souk,41,166,151,317,7.7,1.099338,"MOHARREM BEY w. MINET EL BASSAL - Kism 5, r. 8",Gharb Kom Choukafa,353,1508,1523,3031
656,Charé'h Moharrem Bey,26,211,199,410,15.8,1.060302,"MOHARREM BEY w. MINET EL BASSAL - Kism 5, r. 8",Moharrem Bey,,,,
657,Charé'h Kassem Pacha,21,70,76,146,7,0.921053,"MOHARREM BEY w. MINET EL BASSAL - Kism 5, r. 8",Moharrem Bey,,,,
658,Ezbet el Echach el Koubar,82,296,320,616,7.5,0.925,"MOHARREM BEY w. MINET EL BASSAL - Kism 5, r. 8",Moharrem Bey,,,,
659,Charé'h Rostom Bey,4,16,18,34,8.5,0.888889,"MOHARREM BEY w. MINET EL BASSAL - Kism 5, r. 8",Moharrem Bey,,,,
660,Charé'h Abdel Latif Bey Erfan,18,54,55,109,6.1,0.981818,"MOHARREM BEY w. MINET EL BASSAL - Kism 5, r. 8",Moharrem Bey,,,,
661,Haret el Gamé'h,13,63,65,128,9.8,0.969231,"MOHARREM BEY w. MINET EL BASSAL - Kism 5, r. 8",Moharrem Bey,,,,
662,Haret Erfan Pacha,9,38,44,82,9.1,0.863636,"MOHARREM BEY w. MINET EL BASSAL - Kism 5, r. 8",Moharrem Bey,,,,
663,Khartet Paolino,135,588,635,1223,9.1,0.925984,"MOHARREM BEY w. MINET EL BASSAL - Kism 5, r. 8",Moharrem Bey,,,,
664,Charé'h Wabour el Talg,26,95,76,171,6.6,1.25,"MOHARREM BEY w. MINET EL BASSAL - Kism 5, r. 8",Moharrem Bey,,,,
665,Charé'h el Farkha,26,17,15,32,1.2,1.133333,"MOHARREM BEY w. MINET EL BASSAL - Kism 5, r. 8",Moharrem Bey,,,,
666,Charé'h el Mineh,25,95,107,202,8.1,0.88785,"MOHARREM BEY w. MINET EL BASSAL - Kism 5, r. 8",Moharrem Bey,,,,
667,Charé'h Mahmoudieh,39,144,164,308,7.9,0.878049,"MOHARREM BEY w. MINET EL BASSAL - Kism 5, r. 8",Moharrem Bey,,,,
668,Charé'h Lombroso,58,162,165,327,5.6,0.981818,"MOHARREM BEY w. MINET EL BASSAL - Kism 5, r. 8",Moharrem Bey,,,,
669,Charé'h el Farkha,105,299,316,615,5.9,0.946203,"MOHARREM BEY w. MINET EL BASSAL - Kism 5, r. 8",Moharrem Bey,,,,
670,Ezbet Ahmad Pacha Raafat,23,58,57,115,5,1.017544,"MOHARREM BEY w. MINET EL BASSAL - Kism 5, r. 8",Moharrem Bey,,,,
671,Ezbet Averoff,15,40,28,68,4.5,1.428571,"MOHARREM BEY w. MINET EL BASSAL - Kism 5, r. 8",Moharrem Bey,,,,
672,Ezbet Toussoun Pacha,44,101,122,223,5.1,0.827869,"MOHARREM BEY w. MINET EL BASSAL - Kism 5, r. 8",Moharrem Bey,,,,
673,Ezbet el Echrafieh,25,63,71,134,5.4,0.887324,"MOHARREM BEY w. MINET EL BASSAL - Kism 5, r. 8",Moharrem Bey,,,,
674,Ezbet Echach el Derissah,9,19,25,44,4.9,0.76,"MOHARREM BEY w. MINET EL BASSAL - Kism 5, r. 8",Moharrem Bey,703,2429,2558,4987
675,Charé'h Ragheb Pacha,55,237,244,481,8.7,0.971311,"MOHARREM BEY w. MINET EL BASSAL - Kism 5, r. 8",Gheit el Enab,,,,
676,Haret Rezeka Ismaïl,20,90,89,179,9,1.011236,"MOHARREM BEY w. MINET EL BASSAL - Kism 5, r. 8",Gheit el Enab,,,,
677,Haret Sa'd el Zalabani,22,86,91,177,8,0.945055,"MOHARREM BEY w. MINET EL BASSAL - Kism 5, r. 8",Gheit el Enab,,,,
678,Haret Moussa Kaboudan,17,91,79,170,10,1.151899,"MOHARREM BEY w. MINET EL BASSAL - Kism 5, r. 8",Gheit el Enab,,,,
679,Haret Ahmad Radouan,9,32,21,53,5.9,1.52381,"MOHARREM BEY w. MINET EL BASSAL - Kism 5, r. 8",Gheit el Enab,,,,
680,Haret Ibrahim Ga'far,19,54,73,127,6.7,0.739726,"MOHARREM BEY w. MINET EL BASSAL - Kism 5, r. 8",Gheit el Enab,,,,
681,Haret Mahmoud el Moufti,10,46,54,100,10,0.851852,"MOHARREM BEY w. MINET EL BASSAL - Kism 5, r. 8",Gheit el Enab,,,,
682,Haret Saleh el Amroussi,11,56,53,109,9.9,1.056604,"MOHARREM BEY w. MINET EL BASSAL - Kism 5, r. 8",Gheit el Enab,,,,
683,Haret el Sayed Sallam,9,66,80,146,16.2,0.825,"MOHARREM BEY w. MINET EL BASSAL - Kism 5, r. 8",Gheit el Enab,,,,
684,Moustapha Khattab,20,91,102,193,9.7,0.892157,"MOHARREM BEY w. MINET EL BASSAL - Kism 5, r. 8",Gheit el Enab,,,,
685,Haret Aly Ahmad el Tourki,29,118,120,238,8.2,0.983333,"MOHARREM BEY w. MINET EL BASSAL - Kism 5, r. 8",Gheit el Enab,,,,
686,Haret Hussein Aly el Naggar,80,281,278,559,7,1.010791,"MOHARREM BEY w. MINET EL BASSAL - Kism 5, r. 8",Gheit el Enab,,,,
687,Ezbet Ragheb Pacha,109,375,373,748,6.9,1.005362,"MOHARREM BEY w. MINET EL BASSAL - Kism 5, r. 8",Gheit el Enab,,,,
688,Gheit el Enab,221,677,685,1362,6.2,0.988321,"MOHARREM BEY w. MINET EL BASSAL - Kism 5, r. 8",Gheit el Enab,,,,
689,Chat el Mallaha,1,2,-,2,2,#VALUE!,"MOHARREM BEY w. MINET EL BASSAL - Kism 5, r. 8",Gheit el Enab,632,2302,2342,4644
690,Haret Osman Rezeka,12,60,72,132,11,0.833333,"MOHARREM BEY w. MINET EL BASSAL - Kism 5, r. 8",Charki Karmouz,,,,
691,Haret Hanafi Mahmoud el Guendi,31,157,171,328,10.6,0.918129,"MOHARREM BEY w. MINET EL BASSAL - Kism 5, r. 8",Charki Karmouz,,,,
692,El Kharta el Mostagadda,71,287,282,569,8,1.01773,"MOHARREM BEY w. MINET EL BASSAL - Kism 5, r. 8",Charki Karmouz,,,,
693,Haret el Sour,12,49,49,98,8.2,1,"MOHARREM BEY w. MINET EL BASSAL - Kism 5, r. 8",Charki Karmouz,,,,
694,Haret Mohammed Mosbah,8,33,29,62,7.8,1.137931,"MOHARREM BEY w. MINET EL BASSAL - Kism 5, r. 8",Charki Karmouz,,,,
695,Haret Mohammed Emarah,26,121,139,260,10,0.870504,"MOHARREM BEY w. MINET EL BASSAL - Kism 5, r. 8",Charki Karmouz,,,,
696,Haret Mohammed Daoud,15,67,73,140,9.3,0.917808,"MOHARREM BEY w. MINET EL BASSAL - Kism 5, r. 8",Charki Karmouz,,,,
697,Haret Mohammed Ahmad el Mestehi,15,56,59,115,7.7,0.949153,"MOHARREM BEY w. MINET EL BASSAL - Kism 5, r. 8",Charki Karmouz,,,,
698,Haret Hachem Mohammed Bayoumi,12,46,47,93,7.8,0.978723,"MOHARREM BEY w. MINET EL BASSAL - Kism 5, r. 8",Charki Karmouz,,,,
699,Charé'h Wast el Chiakha,13,89,82,171,13.2,1.085366,"MOHARREM BEY w. MINET EL BASSAL - Kism 5, r. 8",Charki Karmouz,,,,
700,Haret el Moghrabi,7,14,6,20,2.9,2.333333,"MOHARREM BEY w. MINET EL BASSAL - Kism 5, r. 8",Charki Karmouz,,,,
701,Haret Habib Eid,9,16,24,40,4.4,0.666667,"MOHARREM BEY w. MINET EL BASSAL - Kism 5, r. 8",Charki Karmouz,,,,
702,Haret Ibrahim Effendi Soleiman,24,100,93,193,8,1.075269,"MOHARREM BEY w. MINET EL BASSAL - Kism 5, r. 8",Charki Karmouz,,,,
703,Haret Mohammed Abdel Nabi,12,53,49,102,8.5,1.081633,"MOHARREM BEY w. MINET EL BASSAL - Kism 5, r. 8",Charki Karmouz,,,,
704,Haret Mohammed Goudeh,14,63,76,139,9.9,0.828947,"MOHARREM BEY w. MINET EL BASSAL - Kism 5, r. 8",Charki Karmouz,,,,
705,Haret Mohammed Ismaïl el Banna,33,113,130,243,7.4,0.869231,"MOHARREM BEY w. MINET EL BASSAL - Kism 5, r. 8",Charki Karmouz,,,,
706,Haret Aly el Samouli,6,25,21,46,7.7,1.190476,"MOHARREM BEY w. MINET EL BASSAL - Kism 5, r. 8",Charki Karmouz,,,,
707,Charé'h Omar Pacha,4,19,20,39,9.8,0.95,"MOHARREM BEY w. MINET EL BASSAL - Kism 5, r. 8",Charki Karmouz,,,,
708,Charé'h Karmouz w. el Mahmoudieh,16,59,58,117,7.3,1.017241,"MOHARREM BEY w. MINET EL BASSAL - Kism 5, r. 8",Charki Karmouz,,,,
709,Haret Mahmoud Ahmad el Nakkache,7,26,24,50,7.1,1.083333,"MOHARREM BEY w. MINET EL BASSAL - Kism 5, r. 8",Charki Karmouz,,,,
710,Haret Ahmad Abdallah,3,8,18,26,8.7,0.444444,"MOHARREM BEY w. MINET EL BASSAL - Kism 5, r. 8",Charki Karmouz,350,1461,1522,2983
711,El Ghatès w. Charé'h Hassan Bey,27,141,142,283,10.5,0.992958,"MOHARREM BEY w. MINET EL BASSAL - Kism 5, r. 8",El Ghatès,,,,
712,El Ghatès w. Charé'h el Sirgueh,52,270,248,518,10,1.08871,"MOHARREM BEY w. MINET EL BASSAL - Kism 5, r. 8",El Ghatès,,,,
713,El Ghatès w. Gamé'h Hassan Bey,105,429,444,873,8.3,0.966216,"MOHARREM BEY w. MINET EL BASSAL - Kism 5, r. 8",El Ghatès,,,,
714,Haret Mohammed Abdel Rahman el Ketami,17,93,89,182,10.7,1.044944,"MOHARREM BEY w. MINET EL BASSAL - Kism 5, r. 8",El Ghatès,,,,
715,Haret el Sayed Farhoudah,14,92,83,175,12.5,1.108434,"MOHARREM BEY w. MINET EL BASSAL - Kism 5, r. 8",El Ghatès,,,,
716,Haret Afifi Abouti el Gazzar,15,85,86,171,11.4,0.988372,"MOHARREM BEY w. MINET EL BASSAL - Kism 5, r. 8",El Ghatès,,,,
717,Haret Abdel ’Ati el Adawi,11,48,57,105,9.5,0.842105,"MOHARREM BEY w. MINET EL BASSAL - Kism 5, r. 8",El Ghatès,,,,
718,Haret Mohammad el Gueheni,12,50,36,86,7.2,1.388889,"MOHARREM BEY w. MINET EL BASSAL - Kism 5, r. 8",El Ghatès,,,,
719,Haret Ahmad ’Aly el Mahallawi,14,53,48,101,7.2,1.104167,"MOHARREM BEY w. MINET EL BASSAL - Kism 5, r. 8",El Ghatès,,,,
720,Haret el Ordi,29,111,89,200,6.9,1.247191,"MOHARREM BEY w. MINET EL BASSAL - Kism 5, r. 8",El Ghatès,,,,
721,Haret el Lessi,15,84,89,173,11.5,0.94382,"MOHARREM BEY w. MINET EL BASSAL - Kism 5, r. 8",El Ghatès,,,,
722,Haret Soleiman Hussein,28,166,175,341,12.2,0.948571,"MOHARREM BEY w. MINET EL BASSAL - Kism 5, r. 8",El Ghatès,,,,
723,Haret el Cheikh Aly el Tantawi el Koutaibi,31,151,137,288,9.3,1.10219,"MOHARREM BEY w. MINET EL BASSAL - Kism 5, r. 8",El Ghatès,370,1773,1723,3496
724,Charé'h Abdel Rahim Mohammed,13,45,40,85,6.5,1.125,"MOHARREM BEY w. MINET EL BASSAL - Kism 5, r. 8",El Toubguieh,,,,
725,Haret Ahmad Soleiman,81,319,251,570,7,1.270916,"MOHARREM BEY w. MINET EL BASSAL - Kism 5, r. 8",El Toubguieh,,,,
726,Charé'h Osman el Zayat,57,186,178,364,6.4,1.044944,"MOHARREM BEY w. MINET EL BASSAL - Kism 5, r. 8",El Toubguieh,,,,
727,Haret el Cheikh Mansour el Chafé'i,19,48,59,107,5.6,0.813559,"MOHARREM BEY w. MINET EL BASSAL - Kism 5, r. 8",El Toubguieh,,,,
728,Haret el Gallada,24,65,71,136,5.7,0.915493,"MOHARREM BEY w. MINET EL BASSAL - Kism 5, r. 8",El Toubguieh,,,,
729,Haret el Sayed Moursi,23,80,68,148,6.4,1.176471,"MOHARREM BEY w. MINET EL BASSAL - Kism 5, r. 8",El Toubguieh,,,,
730,Haret Hediyah Mohammed,22,68,54,122,5.5,1.259259,"MOHARREM BEY w. MINET EL BASSAL - Kism 5, r. 8",El Toubguieh,,,,
731,Haret el Cheikh Abdel Razzak Hassan,32,76,74,150,4.7,1.027027,"MOHARREM BEY w. MINET EL BASSAL - Kism 5, r. 8",El Toubguieh,,,,
732,Haret Mohammed Ismaïl el Bittar,24,48,50,98,4.1,0.96,"MOHARREM BEY w. MINET EL BASSAL - Kism 5, r. 8",El Toubguieh,,,,
733,Haret el Cheikh Ibrahim Mohammed,26,94,69,163,6.3,1.362319,"MOHARREM BEY w. MINET EL BASSAL - Kism 5, r. 8",El Toubguieh,,,,
734,Haret el Cheikh Abdel Razzak Ahmad,23,54,51,105,4.6,1.058824,"MOHARREM BEY w. MINET EL BASSAL - Kism 5, r. 8",El Toubguieh,,,,
735,Charé'h Bab Sidra el Barrani,3,8,3,11,3.7,2.666667,"MOHARREM BEY w. MINET EL BASSAL - Kism 5, r. 8",El Toubguieh,347,1091,968,2059
736,Charé'h Wabour el Gaz,35,157,149,306,8.7,1.053691,"MOHARREM BEY w. MINET EL BASSAL - Kism 5, r. 8",El Kara w. Charki Kom el Choukafa,,,,
737,El Meghra w. el Mahmoudieh,65,185,177,362,5.6,1.045198,"MOHARREM BEY w. MINET EL BASSAL - Kism 5, r. 8",El Kara w. Charki Kom el Choukafa,,,,
738,Charé'h Karmouz,20,92,124,216,10.8,0.741935,"MOHARREM BEY w. MINET EL BASSAL - Kism 5, r. 8",El Kara w. Charki Kom el Choukafa,,,,
739,Charé'h el Moghrabi,30,163,140,303,10.1,1.164286,"MOHARREM BEY w. MINET EL BASSAL - Kism 5, r. 8",El Kara w. Charki Kom el Choukafa,,,,
740,Charé'h el Kara,68,349,359,708,10.4,0.972145,"MOHARREM BEY w. MINET EL BASSAL - Kism 5, r. 8",El Kara w. Charki Kom el Choukafa,,,,
741,Haret Saïd Aly,7,34,38,72,10.3,0.894737,"MOHARREM BEY w. MINET EL BASSAL - Kism 5, r. 8",El Kara w. Charki Kom el Choukafa,,,,
742,Haret Mohammed Khalifa,8,38,45,83,10.4,0.844444,"MOHARREM BEY w. MINET EL BASSAL - Kism 5, r. 8",El Kara w. Charki Kom el Choukafa,,,,
743,Haret Hassan Amacha,16,71,78,149,9.3,0.910256,"MOHARREM BEY w. MINET EL BASSAL - Kism 5, r. 8",El Kara w. Charki Kom el Choukafa,,,,
744,Haret Osman Effendi Kandil,17,67,76,143,8.4,0.881579,"MOHARREM BEY w. MINET EL BASSAL - Kism 5, r. 8",El Kara w. Charki Kom el Choukafa,,,,
745,Charé'h el Chagar,38,159,170,329,8.7,0.935294,"MOHARREM BEY w. MINET EL BASSAL - Kism 5, r. 8",El Kara w. Charki Kom el Choukafa,,,,
746,Haret Habib Eid,24,82,102,184,7.7,0.803922,"MOHARREM BEY w. MINET EL BASSAL - Kism 5, r. 8",El Kara w. Charki Kom el Choukafa,328,1397,1458,2855
747,Charé'h Hassan Abdallah w. Ibrahim Sid Ahmad,34,188,203,391,11.5,0.926108,"MOHARREM BEY w. MINET EL BASSAL - Kism 5, r. 8",El Toubguieh w. Bahri Kom el Choukafa,,,,
748,1er Atfet du Charé'h Kom el Choukafa,12,52,59,111,9.3,0.881356,"MOHARREM BEY w. MINET EL BASSAL - Kism 5, r. 8",El Toubguieh w. Bahri Kom el Choukafa,,,,
749,2me Atfet du Charé'h Kom el Choukafa,17,66,81,147,8.6,0.814815,"MOHARREM BEY w. MINET EL BASSAL - Kism 5, r. 8",El Toubguieh w. Bahri Kom el Choukafa,,,,
750,3me Atfet du Charé'h Kom el Choukafa,14,93,91,184,13.1,1.021978,"MOHARREM BEY w. MINET EL BASSAL - Kism 5, r. 8",El Toubguieh w. Bahri Kom el Choukafa,,,,
751,4me Atfet du Charé'h Kom el Choukafa,18,85,98,183,10.2,0.867347,"MOHARREM BEY w. MINET EL BASSAL - Kism 5, r. 8",El Toubguieh w. Bahri Kom el Choukafa,,,,
752,Charé'h Kom el Choukafa w. Aly Sid Ahmad,11,54,57,111,10.1,0.947368,"MOHARREM BEY w. MINET EL BASSAL - Kism 5, r. 8",El Toubguieh w. Bahri Kom el Choukafa,,,,
753,Haret Sid Ahmad Mekkawi w. Ahmed Ayoub el Gamé'h,29,197,182,379,13.1,1.082418,"MOHARREM BEY w. MINET EL BASSAL - Kism 5, r. 8",El Toubguieh w. Bahri Kom el Choukafa,,,,
754,1er Haret el Cheneti,29,210,178,388,13.4,1.179775,"MOHARREM BEY w. MINET EL BASSAL - Kism 5, r. 8",El Toubguieh w. Bahri Kom el Choukafa,,,,
755,2me Haret el Cheneti,6,36,26,62,10.3,1.384615,"MOHARREM BEY w. MINET EL BASSAL - Kism 5, r. 8",El Toubguieh w. Bahri Kom el Choukafa,,,,
756,Haret el Dakma,57,140,160,300,5.3,0.875,"MOHARREM BEY w. MINET EL BASSAL - Kism 5, r. 8",El Toubguieh w. Bahri Kom el Choukafa,,,,
757,Haret el Kabchawi,68,238,202,440,6.5,1.178218,"MOHARREM BEY w. MINET EL BASSAL - Kism 5, r. 8",El Toubguieh w. Bahri Kom el Choukafa,,,,
758,Haret Abou Chemar,46,232,215,447,9.7,1.07907,"MOHARREM BEY w. MINET EL BASSAL - Kism 5, r. 8",El Toubguieh w. Bahri Kom el Choukafa,,,,
759,Haret el Toubguieh,28,124,117,241,8.6,1.059829,"MOHARREM BEY w. MINET EL BASSAL - Kism 5, r. 8",El Toubguieh w. Bahri Kom el Choukafa,,,,
760,Haret el Gohari,24,116,119,235,9.8,0.97479,"MOHARREM BEY w. MINET EL BASSAL - Kism 5, r. 8",El Toubguieh w. Bahri Kom el Choukafa,,,,
761,Charé'h el Sirgueh w. Haret Gamé'h Ayoub,7,12,23,35,5,0.521739,"MOHARREM BEY w. MINET EL BASSAL - Kism 5, r. 8",El Toubguieh w. Bahri Kom el Choukafa,400,1843,1811,3654
762,Haret Ahmad Effendi Rouchdi,27,158,173,331,12.3,0.913295,"MOHARREM BEY w. MINET EL BASSAL - Kism 5, r. 8",Bab Sidra el Barrani,,,,
763,Haret Hassan el Serafi el Farran,15,87,93,180,12,0.935484,"MOHARREM BEY w. MINET EL BASSAL - Kism 5, r. 8",Bab Sidra el Barrani,,,,
764,Haret Bismot,37,64,30,94,2.5,2.133333,"MOHARREM BEY w. MINET EL BASSAL - Kism 5, r. 8",Bab Sidra el Barrani,,,,
765,Haret Hassan el Hammami w. Moh. Gaber,21,116,119,235,11.2,0.97479,"MOHARREM BEY w. MINET EL BASSAL - Kism 5, r. 8",Bab Sidra el Barrani,,,,
766,Haret Rabi’ el Gallad,26,124,132,256,9.8,0.939394,"MOHARREM BEY w. MINET EL BASSAL - Kism 5, r. 8",Bab Sidra el Barrani,,,,
767,Haret Ahmad Bakri Khater,33,162,173,335,10.2,0.936416,"MOHARREM BEY w. MINET EL BASSAL - Kism 5, r. 8",Bab Sidra el Barrani,,,,
768,Charé'h Ragheb Pacha,11,27,20,47,4.3,1.35,"MOHARREM BEY w. MINET EL BASSAL - Kism 5, r. 8",Bab Sidra el Barrani,,,,
769,Haret Saleh Effendi,40,178,194,372,9.3,0.917526,"MOHARREM BEY w. MINET EL BASSAL - Kism 5, r. 8",Bab Sidra el Barrani,,,,
770,Haret Mohammed Effendi Zahed,30,111,99,210,7,1.121212,"MOHARREM BEY w. MINET EL BASSAL - Kism 5, r. 8",Bab Sidra el Barrani,,,,
771,Haret Zouweil,37,171,186,357,9.6,0.919355,"MOHARREM BEY w. MINET EL BASSAL - Kism 5, r. 8",Bab Sidra el Barrani,,,,
772,Charé'h Soultan,21,99,94,193,9.2,1.053191,"MOHARREM BEY w. MINET EL BASSAL - Kism 5, r. 8",Bab Sidra el Barrani,,,,
773,Haret Arafa el Khabbaz,26,101,111,212,8.2,0.90991,"MOHARREM BEY w. MINET EL BASSAL - Kism 5, r. 8",Bab Sidra el Barrani,,,,
774,Haret Ibrahim Degheche,17,91,96,187,11,0.947917,"MOHARREM BEY w. MINET EL BASSAL - Kism 5, r. 8",Bab Sidra el Barrani,,,,
775,Haret Sa’dallah Bej Hallaba,28,159,150,309,11,1.06,"MOHARREM BEY w. MINET EL BASSAL - Kism 5, r. 8",Bab Sidra el Barrani,,,,
776,Hawari Bab Sidra,49,230,266,496,10.1,0.864662,"MOHARREM BEY w. MINET EL BASSAL - Kism 5, r. 8",Bab Sidra el Barrani,,,,
777,Haret Osman Pacha Naguib,32,147,141,288,9,1.042553,"MOHARREM BEY w. MINET EL BASSAL - Kism 5, r. 8",Bab Sidra el Barrani,450,2025,2077,4102
778,Charé'h el Warcha,95,685,600,1285,13.5,1.141667,MANCHIEH,El Hamamil,,,,
779,Charé'h el Halwagui,65,471,362,833,12.8,1.301105,MANCHIEH,El Hamamil,,,,
780,Charé'h el Guiddawi,69,475,468,943,13.7,1.014957,MANCHIEH,El Hamamil,,,,
781,Charé'h Anastasi,36,267,230,497,13.8,1.16087,MANCHIEH,El Hamamil,,,,
782,Charé'h el Saba Banat,11,56,40,96,8.7,1.4,MANCHIEH,El Hamamil,,,,
783,Charé'h el Hamamil,65,354,257,611,9.4,1.377432,MANCHIEH,El Hamamil,,,,
784,Charé'h el Sekka el Guédida,4,31,20,51,12.8,1.55,MANCHIEH,El Hamamil,,,,
785,Sans résidence fixe,-,115,13,128,#VALUE!,8.846154,MANCHIEH,El Hamamil,345,2454,1990,4444
786,Charé'h el Set Ne’emah,159,1164,1044,2208,13.9,1.114943,MANCHIEH,El Set Ne’emah,,,,
787,Charé'h el Sekka el Guédida,4,11,11,22,5.5,1,MANCHIEH,El Set Ne’emah,,,,
788,Gamé’h el Cheikh,23,92,90,182,7.9,1.022222,MANCHIEH,El Set Ne’emah,,,,
789,Charé'h Anastasi,20,79,52,131,6.6,1.519231,MANCHIEH,El Set Ne’emah,,,,
790,Charé'h Ratib Pacha,20,85,51,136,6.8,1.666667,MANCHIEH,El Set Ne’emah,,,,
791,Charé'h el Attarine,7,88,87,175,25,1.011494,MANCHIEH,El Set Ne’emah,,,,
792,El Manchieh el Kobra,19,159,167,326,17.2,0.952096,MANCHIEH,El Set Ne’emah,,,,
793,Charé'h el Bosta Masriah,7,47,46,93,13.3,1.021739,MANCHIEH,El Set Ne’emah,,,,
794,Charé'h el Paradiso,12,96,135,231,19.3,0.711111,MANCHIEH,El Set Ne’emah,,,,
795,Charé'h el Manchieh el Soghra,24,154,154,308,12.8,1,MANCHIEH,El Set Ne’emah,,,,
796,Charé'h el Warcha,8,30,27,57,7.1,1.111111,MANCHIEH,El Set Ne’emah,,,,
797,Charé'h Loukoullos,31,128,116,244,7.9,1.103448,MANCHIEH,El Set Ne’emah,,,,
798,Charé'h el Saba Banat,63,451,543,994,15.8,0.830571,MANCHIEH,El Set Ne’emah,397,2584,2523,5107
799,Charé'h Haret el Magharba,38,297,254,551,14.5,1.169291,MANCHIEH,Haret el Magharba,,,,
800,Zokak Abou el Kheir,16,95,84,179,11.2,1.130952,MANCHIEH,Haret el Magharba,,,,
801,Zokak el Wakf,19,135,135,270,14.2,1,MANCHIEH,Haret el Magharba,,,,
802,Zokak Sidi Khadr,11,84,74,158,14.4,1.135135,MANCHIEH,Haret el Magharba,,,,
803,Souk el Baddadine,1,7,5,12,12,1.4,MANCHIEH,Haret el Magharba,,,,
804,Charé'h Hammam el Cheikh,5,39,27,66,13.2,1.444444,MANCHIEH,Haret el Magharba,,,,
805,Charé'h Souk el Menagguédine,3,26,27,53,17.7,0.962963,MANCHIEH,Haret el Magharba,,,,
806,Charé'h Ibrahim,2,26,16,42,21,1.625,MANCHIEH,Haret el Magharba,,,,
807,Charé'h Beit el Cheikh,17,154,148,302,17.8,1.040541,MANCHIEH,Haret el Magharba,,,,
808,Charé'h Gamé’h el Kadi,21,104,100,204,9.7,1.04,MANCHIEH,Haret el Magharba,,,,
809,Charé'h Souk el Dikik,7,21,11,32,4.6,1.909091,MANCHIEH,Haret el Magharba,,,,
810,Zokak el Arab,15,142,128,270,18,1.109375,MANCHIEH,Haret el Magharba,,,,
811,Zokak el Torab,16,167,148,315,19.7,1.128378,MANCHIEH,Haret el Magharba,,,,
812,Charé'h Gamé’h el Cheikh,6,30,14,44,7.3,2.142857,MANCHIEH,Haret el Magharba,,,,
813,Charé'h el Menkayi,13,167,162,329,25.3,1.030864,MANCHIEH,Haret el Magharba,,,,
814,El Sekka el Guedida,7,70,62,132,18.9,1.129032,MANCHIEH,Haret el Magharba,,,,
815,Souk el Kanto,29,200,146,346,11.9,1.369863,MANCHIEH,Haret el Magharba,,,,
816,Souk el Kontarguieh,7,123,84,207,29.6,1.464286,MANCHIEH,Haret el Magharba,,,,
817,Souk el Habbaline,3,50,48,98,32.7,1.041667,MANCHIEH,Haret el Magharba,,,,
818,Charé'h Kahwet Mohammed Aly,8,23,8,31,3.9,2.875,MANCHIEH,Haret el Magharba,,,,
819,Kahwet El Laban,16,202,202,404,25.3,1,MANCHIEH,Haret el Magharba,,,,
820,Charé'h Agzakanah Galetti,2,50,36,86,43,1.388889,MANCHIEH,Haret el Magharba,,,,
821,Charé'h Chader el Battikh el Guedid,19,92,91,183,9.6,1.010989,MANCHIEH,Haret el Magharba,,,,
822,Charé'h Chader el Battikh el Kadim,13,90,50,140,10.8,1.8,MANCHIEH,Haret el Magharba,,,,
823,Charé'h Hamman Danubio,17,62,43,105,6.2,1.44186,MANCHIEH,Haret el Magharba,,,,
824,Souk el Tourk,15,326,257,583,38.9,1.268482,MANCHIEH,Haret el Magharba,,,,
825,Charé'h el Tabbakhine,8,60,37,97,12.1,1.621622,MANCHIEH,Haret el Magharba,,,,
826,Souk el Akkadine,7,71,43,114,16.3,1.651163,MANCHIEH,Haret el Magharba,,,,
827,Charé'h el Sayaref,3,63,42,105,35,1.5,MANCHIEH,Haret el Magharba,,,,
828,Charé'h el Sagha el Soghra,6,103,84,187,31.2,1.22619,MANCHIEH,Haret el Magharba,,,,
829,Souk el Kharratine,2,14,8,22,11,1.75,MANCHIEH,Haret el Magharba,,,,
830,Souk el Noukalieh,2,53,51,104,52,1.039216,MANCHIEH,Haret el Magharba,,,,
831,Charé'h el Zabtieh,56,833,578,1411,25.2,1.441176,MANCHIEH,Haret el Magharba,,,,
832,Souk el Khet,3,36,30,66,22,1.2,MANCHIEH,Haret el Magharba,,,,
833,Sans résidence fixe,-,104,-,104,#VALUE!,#VALUE!,MANCHIEH,Haret el Magharba,413,4119,3233,7352
834,Charé'h el Diar el Guédad,55,392,341,733,13.3,1.14956,MANCHIEH,Karakol el Labbane,,,,
835,Haret el Labbanine,69,497,488,985,14.3,1.018443,MANCHIEH,Karakol el Labbane,,,,
836,Haret Gamé'h el Fahham,68,595,564,1159,17,1.054965,MANCHIEH,Karakol el Labbane,,,,
837,Charé'h Gamé’h el Fahham,18,100,85,185,10.3,1.176471,MANCHIEH,Karakol el Labbane,,,,
838,Haret Malta,21,104,118,222,10.6,0.881356,MANCHIEH,Karakol el Labbane,,,,
839,Charé'h Anastasi,48,295,316,611,12.7,0.933544,MANCHIEH,Karakol el Labbane,,,,
840,Charé'h el Ibrahimi,19,110,117,227,11.9,0.940171,MANCHIEH,Karakol el Labbane,,,,
841,Charé'h el Warcha,5,45,43,88,17.6,1.046512,MANCHIEH,Karakol el Labbane,,,,
842,Kom el Nadoura,81,99,51,150,1.9,1.941176,MANCHIEH,Karakol el Labbane,384,2237,2123,4360
843,Bulkeley,149,498,478,976,6.6,1.041841,RAMLEH,Aly Ibrahim el Soubki,,,,
844,Fleming,82,245,324,569,6.9,0.756173,RAMLEH,Aly Ibrahim el Soubki,,,,
845,Bacos w. el Souk,213,817,540,1357,6.4,1.512963,RAMLEH,Aly Ibrahim el Soubki,,,,
846,Abou el Nawatir,60,828,109,937,15.6,7.59633,RAMLEH,Aly Ibrahim el Soubki,504,2388,1451,3839
847,Ezbet Achour w. Abdallah,104,362,395,757,7.3,0.916456,RAMLEH,Hassan Soleiman Bissar,,,,
848,El Kossayi w. Rommana,70,274,297,571,8.2,0.922559,RAMLEH,Hassan Soleiman Bissar,,,,
849,El Bank w. Ezbet Hussein Pacha,10,30,27,57,5.7,1.111111,RAMLEH,Hassan Soleiman Bissar,,,,
850,Haret el Chokhchokh,67,410,357,767,11.4,1.148459,RAMLEH,Hassan Soleiman Bissar,,,,
851,Seffer,55,202,281,483,8.8,0.718861,RAMLEH,Hassan Soleiman Bissar,,,,
852,Schufz,125,342,415,757,6.1,0.824096,RAMLEH,Hassan Soleiman Bissar,,,,
853,San Stefano,46,180,182,362,7.9,0.989011,RAMLEH,Hassan Soleiman Bissar,,,,
854,Ezbet Ghobrial w. Sallam,46,148,179,327,7.1,0.826816,RAMLEH,Hassan Soleiman Bissar,,,,
855,Dar Issa w. el Siouf,87,372,370,742,8.5,1.005405,RAMLEH,Hassan Soleiman Bissar,610,2320,2503,4823
856,Hagar el Nawatieh,131,351,324,675,5.2,1.083333,RAMLEH,Moustapha Abdallah,,,,
857,El Dahrieh,202,799,855,1654,8.2,0.934503,RAMLEH,Moustapha Abdallah,,,,
858,El Aksa,118,1448,1374,2822,23.9,1.053857,RAMLEH,Moustapha Abdallah,451,2598,2553,5151
859,Bédouins,-,531,531,1062,#VALUE!,1,RAMLEH,Campements,,531,531,1062
860,Navires à vapeur,42,1764,154,1918,45.7,11.454545,PORT,-,,,,
861,Bâtiments à voiles,79,699,194,893,11.3,3.603093,PORT,-,121,2463,348,2811
862,Station gardes-côtes Ramleh,-,42,39,81,#VALUE!,1.076923,ENVIRONS,-,,,,
863,Station gardes-côtes Sidi Bechr,-,35,46,81,#VALUE!,0.76087,ENVIRONS,-,,,,
864,Station gardes-côtes El Kharban,-,18,11,29,#VALUE!,1.636364,ENVIRONS,-,,,,
865,El Mandara,112,525,501,1026,9.2,1.047904,ENVIRONS,-,,,,
866,Ezbet Marzouk,26,103,85,188,7.2,1.211765,ENVIRONS,-,,,,
867,Ezbet Zayan,44,149,184,333,7.6,0.809783,ENVIRONS,-,,,,
868,Ezbet Abdallah,20,72,65,137,6.9,1.107692,ENVIRONS,-,,,,
869,El Kharaba,68,276,284,560,8.2,0.971831,ENVIRONS,-,,,,
870,El Montazah (Palais),33,92,117,209,6.3,0.786325,ENVIRONS,-,,,,
871,El Montazah (Ezbet),34,64,49,113,3.3,1.306122,ENVIRONS,-,,,,
872,Aboukir,156,590,578,1168,7.5,1.020761,ENVIRONS,-,,,,
873,Campements (Bédouins),-,406,388,794,#VALUE!,1.046392,ENVIRONS,-,493,2372,2347,4719
